source1_entity_id	matched_entity_ids
S1-156285671	S2-64661346,S2-489888310
S1-921369899	S2-181578729
S1-913506265	S2-992909005
S1-628750886	S3-361673112
S1-466641145	S3-524808134
S1-385801270	S3-888517135
S1-717749279	S3-413913323,S3-410392259,S2-926387302,S3-823541907
S1-616465752	S3-175446583,S3-481698730
S1-261476747	S2-185509246
S1-969300060	
S1-295346696	S2-459491674
S1-81033582	
S1-776267063	
S1-457973373	
S1-273768056	
S1-351656683	S3-28792521
S1-83258310	S2-64326229
S1-383508132	
S1-960747316	S3-374035710,S2-632865988
S1-345501851	S2-577258833
S1-548433616	
S1-396150929	
S1-261642209	
S1-720336913	S3-611287277,S3-395941400,S2-2132513,S3-319322627
S1-142638295	
S1-819898451	S2-99269459
S1-527611593	
S1-615018738	S2-40337007
S1-682391735	S3-965393503
S1-693956169	S2-260973802,S2-11451228,S3-522103504
S1-837916944	S3-29169382
S1-17003766	S3-68837364,S2-201154428,S3-992933777,S2-526838623,S3-834992361,S2-979566966,S3-138683896,S2-246715334,S2-955600504,S2-996549779
S1-667272642	S3-288436621,S2-521990007,S3-409066668,S3-331663953,S2-32220294,S2-147559201,S3-207355049,S3-318683937,S3-461344675,S3-773498036,S2-847014050,S3-414036886
S1-827961773	S3-754125041
S1-418524279	
S1-784673398	
S1-889012090	
S1-655802552	S2-661143069
S1-788563249	S3-307943806
S1-276402071	S2-329081226,S2-789640805
S1-936869465	S3-653041243,S3-285689390,S2-178251913
S1-133928599	S2-168720522,S2-914682430
S1-871112769	S2-526861570
S1-857992844	S3-159487450,S3-380348730,S3-659265122
S1-197043206	S3-261797700
S1-868105169	S2-968505057,S2-294874898,S2-294323222,S3-25927102
S1-962993818	S3-88886836
S1-608940471	S3-41972073
S1-907329636	S2-539670103,S2-792980931,S2-217389041,S2-926387302,S2-876889991
S1-545791724	
S1-923121813	S2-213617262,S2-533939390,S3-227629232
S1-901881022	S2-829201391,S2-915459582
S1-960221997	S3-929474627
S1-657028371	S2-170803254
S1-991838189	S3-338685928
S1-860794391	S2-737047278,S3-944302467
S1-225821819	S2-998779374,S3-131385733,S3-711367714,S2-970116590,S3-128009466,S3-626166896,S2-420631257
S1-333194875	S3-363368257
S1-568320501	S2-665104789,S3-624225983,S2-951156392
S1-311511012	
S1-155512047	S2-151929753,S2-923815441,S3-238202772,S3-749325488,S2-208153951,S3-341874857,S2-951123349,S3-174993378
S1-80873383	
S1-445143782	S2-847824176
S1-254586049	S3-891370683
S1-966492570	S3-318227191
S1-603731465	S3-664461935
S1-497232093	
S1-89928972	S2-452088768
S1-634733706	S3-184245482,S3-848418540,S3-612554336,S3-798255539,S2-261149262,S3-376261712
S1-518999749	S2-705692014
S1-852777299	
S1-817055009	S3-736390072,S3-18679240
S1-948206127	S2-265033181,S3-164112817,S2-365738830,S2-86364075
S1-230616179	
S1-202627015	S2-56486462,S2-986567923,S2-218778690,S2-311203267,S2-132805742,S2-319393971,S2-853575310,S2-530247686,S2-408997030,S2-920177412,S2-819340481,S2-666374687,S2-15674143,S2-505539825,S2-378768760
S1-479368587	S3-977859939
S1-445413591	
S1-631634336	S2-915571636,S2-842920958,S2-169101479,S3-661773448,S2-170516399,S2-358597161
S1-211227284	S3-794780629
S1-537057658	S3-199626414
S1-495431862	
S1-989458781	S3-452396743,S3-493265747
S1-943866501	S3-377422755,S2-240833570
S1-634708855	S3-518855768,S2-453583067
S1-527616111	S2-534039907,S3-709606206
S1-269743554	S2-201578803,S3-29497759,S3-676654555,S2-498090036,S3-796999515,S2-949493850,S3-343388041
S1-476233101	S2-411014006
S1-253986339	
S1-335922295	
S1-379378394	
S1-371172270	S3-119929019,S2-813926443,S2-935306094,S2-463277707,S3-58055257,S2-979336817,S2-421904675,S3-987746837,S3-831766035
S1-370040082	S3-657900181
S1-749190987	
S1-533947051	S3-550618124,S3-701606742,S3-679793442,S3-328497653,S2-283029724,S3-903020352,S2-261149262
S1-13451015	S2-138124274,S2-432235712,S2-964324233,S3-744954476,S3-109157364,S2-207215783,S2-793448448
S1-725672126	S2-998068976
S1-162695461	
S1-648022940	
S1-807531920	S3-727027180,S3-206363688,S2-989376105
S1-240414034	S3-271945913,S2-897718357
S1-518221826	
S1-578070457	
S1-377942865	S3-412019809
S1-993829678	
S1-168402024	S2-405484687
S1-533988643	S2-571004369,S3-254655715,S3-724895206,S3-87715530,S2-577466738
S1-683869141	S2-13498080,S2-216588237
S1-137870529	S2-130309662
S1-149411806	S3-72462871,S2-677243590,S2-637349722,S2-86774010,S3-809569178
S1-272127430	S3-387164435
S1-473952711	S2-692712904
S1-221315364	S3-21431721,S2-551865584
S1-513599911	
S1-387016214	S2-375355183,S2-986507216
S1-976424391	S2-7255293
S1-407721399	
S1-200079725	
S1-264694687	S2-460722696
S1-230813348	S2-957805357
S1-736800651	S2-125058838
S1-308849584	S3-801618895,S2-871072585
S1-787461836	S2-872898951
S1-197280203	S3-982991317,S3-665608156,S2-520675247,S2-485726097,S2-104590092
S1-218107486	S2-920140481
S1-499785692	S3-198667605,S3-217491610
S1-143143410	S2-9380461,S3-129732820,S3-503614025,S2-168232589,S3-257938207
S1-670774972	S3-671987782
S1-547382550	S3-13473302
S1-881055954	
S1-914583493	
S1-399652471	
S1-406820024	
S1-603512987	S3-532698742,S2-790359283
S1-628264763	S3-64985268
S1-990121956	
S1-220921987	S2-292393822
S1-930793828	
S1-767699511	S2-174273358
S1-728529555	
S1-437062378	S2-265599946,S3-926647555,S3-275906545,S2-777548998
S1-5308195	S2-88347086,S2-155105281,S3-821035526,S3-3281655,S3-653110816,S3-423037263,S3-888965124,S3-899186346,S3-824765823,S2-18574675,S3-811398894,S2-131282681,S3-722819814
S1-482094020	S3-655693828,S3-542554329
S1-26046875	S2-792571270
S1-53078701	
S1-100460794	
S1-165612846	S3-484101523,S2-618750680
S1-995838881	S3-323018460
S1-593270583	S3-27729374,S2-707654854
S1-693931224	S2-908017855
S1-767389281	S2-440861982
S1-558861915	
S1-488514818	S2-810281019,S3-833765359
S1-912877974	S3-705646591,S2-867791117,S2-320656804
S1-74888542	
S1-573514563	S2-795712816,S3-555192444
S1-154703303	
S1-725008002	
S1-988601275	S2-526861570,S2-701753345,S3-872224680
S1-454834135	S2-573515998,S2-373900558,S2-982669275
S1-333055706	
S1-755032002	
S1-864612738	S3-188355613
S1-937654476	S2-389987809
S1-367438678	
S1-191580834	S3-861690742,S3-863460876,S3-907832221
S1-745780830	
S1-151657300	
S1-97932183	S3-970944970
S1-759949116	S2-74726739
S1-447511049	S2-282916565,S3-569607577
S1-45658342	S2-159069945,S2-745870086,S3-908871812
S1-379683628	
S1-633277570	S3-988676015
S1-438186667	S3-812929525,S2-97918801,S3-268316986,S2-314174499
S1-440389225	S3-297356028
S1-202654102	
S1-312627881	S2-654354006,S2-383030202,S2-847264704,S2-543081065,S2-547575958,S2-574375401,S2-367149805,S3-681977972,S2-535984960
S1-701625804	S3-710375888
S1-116213562	S3-663087285
S1-337070508	S2-707654854,S2-509419903,S2-42865733,S3-819297018
S1-599296180	S3-311322447
S1-735045054	
S1-76365154	S2-18816273,S3-792873932,S2-937295066
S1-201956901	S3-636276492
S1-904669751	S2-912061170,S3-887747928,S2-719202996
S1-207070582	S2-920343482,S3-994473178
S1-717282539	
S1-321825889	
S1-388507164	S3-592896592,S3-767179289,S2-667795777,S2-566504215,S2-603506330,S3-859879016,S2-46339468
S1-337021163	
S1-575955656	S2-203982463
S1-705677344	S2-663413434,S2-954665042,S3-720214479
S1-493985363	
S1-307464396	S2-767328344,S2-163450515,S2-27557851
S1-528548249	
S1-232204608	S2-520074645
S1-290176575	
S1-555917187	S2-919331424,S3-396580763
S1-766239781	S3-355562116
S1-927444151	S3-392528311,S3-707681074,S3-801208514
S1-874053309	S2-100209391
S1-648793119	
S1-16940394	S3-721600438,S3-373989381,S2-879077781
S1-658171306	
S1-939502579	S2-289555822
S1-816637655	S2-725604972
S1-246219023	
S1-128375300	S2-845125275
S1-535548928	
S1-177193455	S3-515747572,S3-314874785,S3-244823296
S1-204942299	S2-51387933
S1-228177533	S2-713264333,S2-170984300,S2-362670770,S3-60303669,S2-95313826,S2-456615774,S3-172090926,S3-700721539,S2-878460826,S3-474621831,S2-673172098,S3-676079294
S1-635175351	
S1-868446826	S2-615188787
S1-575078315	S3-899552369,S2-750373955,S3-45752054,S2-187240608,S2-261149262
S1-44946269	
S1-429851261	S3-746631397,S3-4981286,S3-245866542
S1-923648013	S2-669644096
S1-178572489	S2-6815124,S3-174586283
S1-700683583	S3-311782062
S1-215948660	
S1-714329849	S2-455158341
S1-322452675	S2-70822028
S1-993469683	S3-643446157
S1-858558106	
S1-994206564	S2-381326257,S3-808116191
S1-774458452	S2-246748717,S3-329443397,S3-189818970,S3-915012508
S1-641844231	
S1-403671285	S3-254106709
S1-337189608	
S1-448267460	S3-30496819,S3-254255667
S1-267914232	S2-699894993,S2-152705033,S3-802692647,S3-817511671
S1-48074803	S2-153932783
S1-521482584	S2-881331999,S3-783838452
S1-966190490	S3-161356637,S2-656771053,S2-417046172
S1-600405366	
S1-840497698	S2-244892085
S1-85452342	S3-927493737,S2-18069531,S3-562090679,S3-668497258,S3-628782018,S3-516054458,S3-71255008
S1-79590561	S2-553745274
S1-157009161	S3-41745979,S3-175821096,S3-727365582,S2-368141789,S3-76344055,S2-260669217
S1-960366103	S2-278297003,S3-874449177,S2-582699243
S1-900740725	
S1-850605679	S3-871937349,S2-242450335
S1-341063793	S3-119929019,S3-831766035,S2-935306094,S3-58055257,S2-979336817
S1-390252121	
S1-692471807	S2-664545663
S1-831923485	S3-882416744
S1-179536424	S2-694447290
S1-731314679	S2-622934393,S3-174658754
S1-459984140	
S1-67169593	S2-570095956
S1-568095292	
S1-533056362	S3-346841414,S3-683913357
S1-149277660	S3-741185976,S2-159311646,S2-344958627,S2-539812415
S1-263775088	
S1-901471406	
S1-402129124	
S1-299995446	S3-177120990,S3-734747152,S3-126882943,S3-513996147,S2-713262169,S2-484030939,S3-692409677,S2-191110051,S3-173646349,S2-447125532,S2-847014050,S2-422593939,S2-468427870,S2-693147226,S2-187119816,S2-733255834,S2-434434848,S2-605726696,S3-277747186
S1-473872953	S2-97668655
S1-408224983	S2-152094326,S2-593160787
S1-474752946	S2-118582342
S1-506617149	S3-181152837
S1-156685442	S3-121481713,S2-341284781
S1-927557769	S2-491891539,S3-945583958,S2-533972199,S2-847933753,S2-329405096,S2-545909527,S3-148156789,S3-244669915,S2-957615211
S1-278899619	
S1-207804143	
S1-336954819	S3-160446678
S1-775107858	S3-519881626,S3-683592724,S3-613584026
S1-283538407	S3-74712448
S1-750864938	S3-929127091
S1-905916694	
S1-628680569	
S1-299677751	S3-909654163
S1-454802421	
S1-831268867	
S1-13263134	
S1-570239793	S2-142160186
S1-833585060	S3-681885368,S2-227342875
S1-3548629	
S1-210978493	
S1-135099760	S2-129052072,S2-842422264
S1-74346191	S3-214589239
S1-197981349	S3-46863826
S1-246771260	S2-13797108
S1-347851016	
S1-434847246	S3-214479101
S1-551580984	S3-806067750,S3-917528637
S1-438092418	
S1-826150712	S2-73002548,S3-595062504
S1-769567685	
S1-252068059	S3-887075661
S1-38451528	S3-770668883
S1-136137906	S3-17647894
S1-678219668	S3-147009475
S1-242765065	
S1-429982774	S2-851528621
S1-392877917	S3-406488391,S2-187015638
S1-726670510	S3-475435906
S1-232163492	
S1-9051645	S2-685847040,S2-466691175,S2-796927862,S2-808102713,S3-728863098,S3-141164885,S2-279494016,S2-91180212
S1-557325761	
S1-848145225	S2-19348755
S1-475756218	S2-904135138,S2-494309684,S2-621157579,S2-698463141,S2-953470697,S2-68911222,S2-988300369,S2-510757616,S2-735348896,S2-614804837,S3-351829035,S2-246445052,S2-32908156,S2-877470379
S1-678942467	S3-49051007
S1-583499446	
S1-248931969	S3-518802293
S1-316484869	
S1-265603031	S3-679953386
S1-572790160	S2-942745027,S2-357819643,S2-565060607
S1-122342758	S2-30619874
S1-906652330	S3-112390160,S3-66569235,S3-758761008,S2-836922979,S3-455443201,S3-97797501,S3-183052937,S3-46029176
S1-606348149	S3-101972013
S1-118654142	S2-435921074
S1-449967506	S3-941675847
S1-335226101	S3-525475601
S1-450667949	S2-768113248
S1-163450525	S2-813908128
S1-521489044	S3-426502377,S3-666410059,S2-17360673,S2-698463141,S3-784788900
S1-678468445	S2-276277104
S1-950878680	S2-527772678,S3-595757183,S2-699446245,S3-505850841,S2-507537808,S2-523225598
S1-860091475	S2-663628881,S3-514736966
S1-531755243	S2-788110714,S3-663723335
S1-8731816	S2-69812926
S1-847840310	S2-470324870
S1-114167540	S2-168824038
S1-516261021	S3-130647528,S2-726138447,S2-858143327
S1-973310935	S3-155456571
S1-92606707	S2-413099148
S1-326042432	S2-972244054
S1-26570538	S2-135506804,S3-630542679
S1-816806651	S3-411995233
S1-956145942	S2-975715954,S3-650048267
S1-997853473	S2-994528455,S3-857183109,S2-305268835
S1-476732670	S3-905134451,S3-705039946,S3-965691605
S1-470791690	S3-312902368,S2-152852108
S1-685756581	S3-991692436,S2-400872559
S1-427389120	S3-551480839,S2-513131284
S1-607475493	S2-601636054
S1-78371793	S2-750310615
S1-965957271	S3-266178932
S1-728246746	S2-712833864,S3-122549032,S3-610267734,S3-792773315,S3-190226204
S1-333630891	S2-382202905
S1-804423982	S2-692326606,S3-70422182,S2-468427870,S2-555124789,S2-187119816
S1-538239829	S3-431934468
S1-328584708	
S1-466341745	S2-978163055,S3-603152058
S1-883775116	
S1-67951250	
S1-206502637	S3-289260210,S2-330344696
S1-182502875	S3-69003773,S2-305030892,S3-781396168,S3-253568336,S3-254875337
S1-49755442	S3-199898173
S1-537978025	
S1-39974132	S2-632865988
S1-293783230	
S1-907925633	S3-617658706,S3-19127793
S1-681116226	
S1-708971705	S2-783355018,S3-693718018,S2-722133796
S1-268343305	S3-26020664,S2-503914010
S1-219817042	
S1-865132511	S2-536455889
S1-737783959	
S1-235684588	
S1-393120433	S3-550543591,S2-763519087,S3-193550485
S1-379796343	
S1-856849042	
S1-675821005	S3-990593014,S2-847687568
S1-276214128	S2-118957268,S3-76039252,S3-664461707
S1-837878496	S3-718510977,S2-869695655
S1-995124333	S2-755361067
S1-4143446	S3-585056091,S2-795608900,S2-821750866,S2-977381265,S3-516054458,S2-578801005
S1-938258941	
S1-703850262	
S1-612029716	S3-324609073
S1-73700971	
S1-555775937	S2-475830482
S1-260612252	
S1-159314474	S3-756040921
S1-263184862	S2-647817035,S2-879015490
S1-449171849	S3-895815252
S1-425858660	S3-477902093
S1-186556282	S3-823015683
S1-927882225	S3-905702205,S2-637658810,S2-411064726,S2-241607417,S2-516708172,S3-845532558
S1-260837575	S3-691327074,S3-266894402,S2-26140013
S1-409479725	S2-545147859,S3-724300314,S2-252140194
S1-458130772	S2-326911068,S3-544784129,S3-840619091
S1-756828693	S3-840117775,S2-692712904,S3-38114962
S1-601486176	
S1-406660914	
S1-572338294	S3-586211616,S3-583046704
S1-914496453	S3-668449166
S1-203076519	S2-146974946
S1-141216441	
S1-772104779	S2-271710231
S1-348573367	S3-952093612
S1-657275121	S3-565581217
S1-961914104	
S1-557030875	S3-328761178,S2-700766587,S2-962005393
S1-909745869	
S1-853521614	S2-348400966
S1-497812883	S3-560440423
S1-492494206	S3-77766630
S1-707183377	
S1-608419003	
S1-820703801	S2-563840168
S1-924840109	S2-794920269
S1-992932461	S3-808974311
S1-419929302	S3-610267734,S3-122549032,S2-712833864,S3-190226204,S3-687792614,S2-390578166,S3-792773315,S2-835055297,S2-482896625,S2-71953493,S2-83474695,S2-849330463
S1-529656399	
S1-508815823	S2-332583279,S2-541165259
S1-17339381	S3-894856546,S2-568216269
S1-278478027	S3-347547777
S1-647658706	S3-38151694,S2-274506456
S1-396779207	S2-51327163
S1-705603372	
S1-771130174	S2-450567172
S1-804534185	S2-683905700
S1-403395550	S3-462381740,S2-761363228,S3-407822476,S3-532375784,S3-81839990,S2-37887339,S2-351627892,S2-927935020,S3-646569779,S2-492716527,S3-185421073
S1-600793393	S2-796907541,S3-26605975,S3-528803411
S1-469177694	
S1-205556070	
S1-843554261	S3-530761959,S2-645696905,S2-280262861,S3-440417901
S1-207369509	S2-944688223
S1-295699995	S3-528759948
S1-422578216	S2-808640224,S2-920233551
S1-689012189	S3-698580445
S1-913463340	S3-917123375,S3-845445437,S2-982354089,S2-758795159,S2-20285488
S1-565584575	S3-357306372,S2-440331623,S3-563151396,S3-187736358,S3-353532185,S3-716243359,S3-712432802
S1-433887168	S2-626456867,S2-312777465
S1-566540458	S3-3667032,S3-946239436,S2-483124933,S3-903848625,S2-34401046,S2-992435261,S2-392300892,S3-650505620,S3-624608934,S3-300431874,S2-215461700
S1-869626749	
S1-485102954	S2-869403976,S2-217119057,S3-108879661
S1-223059131	S2-171968922,S3-969432331,S2-955255026
S1-839446795	S2-521708549
S1-938016124	S2-547534714,S2-319254312,S2-824273314,S2-613035716
S1-583032127	
S1-971850426	S3-686582015,S3-15874039,S2-378494962,S2-680757542
S1-281577804	
S1-964959625	S2-475830482,S2-212596281,S2-7184870,S3-182183829,S3-573451513,S2-797000512,S2-454483999,S2-496297373,S3-638541983,S2-649508276,S2-59604091,S3-296943039,S2-871923559,S2-86917792,S3-711229586,S2-800082778
S1-324535341	
S1-620010152	
S1-278936782	
S1-122018139	S2-472017367
S1-150365666	S3-879951555,S3-157466358,S3-307333314
S1-834364441	
S1-646017281	S2-511401429,S2-47620206,S3-970620255,S3-794153241
S1-423268484	S3-155867346
S1-823382531	S3-35107158,S2-284592881
S1-606754081	
S1-569075241	
S1-387025203	S2-243003212
S1-733420249	S3-969535507
S1-522410040	S3-425957040
S1-184077174	
S1-699895565	S2-58991285,S3-373464074
S1-323331156	S2-778176487
S1-535345810	
S1-834525567	S2-358979485
S1-298362412	S3-988574281
S1-145229828	S2-589641496
S1-307567613	
S1-360391513	S2-333490404,S3-43122284
S1-538969745	S2-72717341
S1-457520836	S2-570320804
S1-972838933	
S1-618465663	S3-458794808
S1-61656646	
S1-9436160	
S1-545321896	S2-680728678
S1-373253945	
S1-901870264	S3-456988818,S2-350216748
S1-78965932	S3-977145323,S3-311837639,S3-212713989,S2-86574129,S2-379892386,S3-569607577,S3-358565395,S2-106376743
S1-463776677	
S1-986762816	S2-335069828
S1-459468808	S3-891370683
S1-615363988	S2-443369467,S3-915868254
S1-992327757	S2-119962883
S1-871204465	S3-321900489,S3-123507236
S1-600909980	
S1-985868749	
S1-644418417	S2-892913838,S2-823635206,S3-336271415,S3-97797501,S3-66569235,S3-758761008,S3-46029176,S3-231771180,S3-520591726,S3-455443201,S3-112390160
S1-539994201	S2-334448531
S1-171098288	S3-29157747,S3-805072834,S2-374145498
S1-865528756	S3-655365618
S1-734373273	S3-453919030,S2-833690939
S1-707898770	S2-757303339
S1-83379425	S2-752831315,S2-88274735
S1-783498394	S3-986619380
S1-906300413	S3-582977744
S1-201589786	S2-498719715
S1-276942364	S2-947804591
S1-570702581	
S1-354159326	S3-928957046
S1-261029096	
S1-229872103	S2-20635735,S2-22074673
S1-672103505	
S1-817548736	S3-189547455,S2-696693662,S2-701791364,S2-626495739
S1-361599216	
S1-549471501	S2-258532479
S1-18602285	S2-867838584
S1-358105252	S2-14438916,S3-545943577,S3-729686220,S3-489941683,S2-160679671,S3-908285130,S2-321425602,S2-862503301
S1-731721138	S3-450949853,S3-388755800,S3-250783675,S2-108244427,S2-549457276,S3-959848232,S2-70029685,S2-563292576,S2-188368209,S2-850056618,S2-560435652,S2-359879998,S2-21408727,S3-409513890
S1-236185281	S2-976480403
S1-592730731	
S1-9710670	S3-716378924,S2-202980873,S3-909408702
S1-76088178	S2-258980312,S3-137142035,S3-606159038,S3-254393046
S1-594764079	S3-156465470
S1-292999318	
S1-139372519	S3-397220590
S1-680362689	S3-293296719,S2-258515598
S1-858030780	
S1-806577663	
S1-980838135	
S1-344013091	
S1-801846444	S2-230135357,S2-673205431,S3-379835856
S1-184984458	S3-685622034,S3-707118883
S1-400298705	S2-400872559
S1-50243752	S2-930013568,S2-161781589,S2-187240608,S2-56853137,S2-445984988,S3-10348556,S3-442444280,S2-261149262,S2-984694104,S2-309598309
S1-871677113	S2-420814161,S3-982923173
S1-598698415	S3-576866747,S3-376456486,S2-855700277,S2-927935020,S3-81839990,S3-646569779,S3-185421073,S2-492716527,S2-37887339,S3-407822476,S2-761363228,S3-318930254,S3-532375784,S3-680031472,S2-452740429
S1-321942839	S3-305766553,S3-785531300,S2-700766587
S1-90460152	S2-68911222,S2-904135138,S2-32908156,S3-362504212,S3-40619540,S3-829106245,S2-698463141,S2-988300369,S2-231999797,S2-819587417,S2-240833570
S1-917024362	
S1-728956560	
S1-607166149	S2-450640163,S3-355592365
S1-345526341	S2-412655838,S3-948069897,S3-508196400,S3-585236726,S2-502693024,S3-118228946,S2-483124933
S1-616169476	S2-13797108
S1-460668187	S2-786237872
S1-767245156	S3-344546365,S2-267899228,S3-457300431,S3-359272528
S1-72834693	S2-534796720,S2-50027753,S3-244669915,S2-67713321
S1-957815349	S3-180258776
S1-738605979	
S1-105975825	
S1-610417761	S3-892810174,S2-698314166
S1-894099948	
S1-332179110	S3-303900337
S1-503983890	
S1-290950404	S2-445890930
S1-747127174	S3-123253332,S3-324290479
S1-261504277	S2-595815132,S3-696432471
S1-606632043	S2-274360537,S2-199304755
S1-731120400	S3-4482895
S1-428075120	S2-116470877
S1-324498270	
S1-352399946	S2-988921714
S1-33604489	
S1-152365295	
S1-381368347	S3-638256840
S1-543112947	S2-465067790,S3-971352859,S3-125187839,S3-449062043,S2-471031585,S2-303434235,S2-577015659,S2-280665303
S1-893755394	S2-94821368,S3-626253660,S3-347071966,S2-308124169
S1-647815909	S2-673183937
S1-904611805	S3-566483359
S1-753162385	S3-99553447,S3-124884606
S1-629135150	
S1-654486422	
S1-73870849	S2-504745256
S1-360389411	S2-612716637,S2-623047669,S2-784709177
S1-997054700	S2-780718547
S1-411913157	S2-318093504
S1-844343235	S3-155043540,S3-181678227,S3-168194320
S1-370228771	S2-264032959
S1-31396737	S3-751163531,S2-681038146,S2-202312555,S2-869944067,S3-969316315,S2-54016063,S2-799154609,S2-211603498,S3-466178682,S3-732045847,S2-962393927,S3-459550291,S3-208036942,S2-215380273,S3-373229615,S3-659236955,S3-158928728,S2-158534935
S1-641743540	
S1-663566990	S3-449543360
S1-254542316	
S1-104767232	
S1-737240408	
S1-688199693	S3-902339944
S1-252195050	S2-698890415,S3-597945337
S1-643026199	S2-652580617,S3-103962395
S1-876061583	S2-711429167,S3-887747928
S1-241547898	S3-381840117
S1-935415775	S3-302693509
S1-103295692	S3-142247088
S1-285272643	
S1-958711840	S3-848465473,S2-212504387,S2-223350929,S2-28207614
S1-782112135	S3-561262017
S1-936631391	S2-800391317
S1-63379836	
S1-794561761	S3-810474496
S1-330558948	S3-536901460,S3-732134466,S3-790627175,S2-748717044
S1-224371638	S2-285415221,S3-519994005
S1-156481503	S2-342908963
S1-634485775	S3-711216531
S1-830248765	S3-968725920
S1-512116789	S2-889311615
S1-150486795	S2-912760695
S1-235658619	S3-875839446
S1-243317267	S3-682289378,S3-771953016
S1-906440938	
S1-569175291	S2-358838714
S1-725815126	
S1-830156452	S3-97135537
S1-852048742	S2-35895953
S1-14679085	S3-622899548
S1-536988629	
S1-247228116	S2-723069634
S1-237497188	
S1-808227752	S3-205578678
S1-304646283	S3-380357778
S1-584868770	
S1-639093227	S3-575712932,S3-241866579,S2-869894529,S2-64326229
S1-754720042	S3-39709854,S2-626243373
S1-21237982	S2-564600910,S2-440278129,S2-635921709,S2-273673921,S2-464564013,S3-773498036,S3-541277732
S1-911587206	S2-607144922
S1-91413486	S3-907832221
S1-252481833	
S1-108644217	
S1-672969733	
S1-224954566	S2-7755946
S1-648145738	S2-92299195,S2-381420816
S1-661292108	S2-338567916
S1-446005547	
S1-503788700	S2-821750866,S2-795608900,S3-585056091,S2-578801005
S1-922315905	S3-123155899
S1-60552004	S2-690983069
S1-629861538	S3-89710702,S2-116144881
S1-248290307	
S1-398700586	S2-805190739,S3-284051743,S2-383613270
S1-527612742	S2-828705755
S1-387007925	S2-50950855,S2-2470586
S1-75191209	S3-661773448,S3-818786697,S2-416621274
S1-706685411	S3-302698411,S3-981683052,S3-803872409,S2-873151570,S3-948241467,S3-733493772,S2-108916279,S2-61011233,S3-695482562,S3-687715415,S3-926937320,S2-770295757
S1-727874334	S3-372273442
S1-292081721	S3-902669002,S2-911907102,S2-261149262,S3-986881428,S2-246901347
S1-131816947	S2-542353631
S1-521615251	S2-220163434
S1-955654853	
S1-733230953	S2-960429653
S1-688555353	
S1-42665313	S2-329962639
S1-563149240	S2-467626831,S3-535961466,S3-66569235,S3-58919181
S1-600280570	S2-524296559,S3-219978825,S2-126345620
S1-414638369	S3-744599366,S2-727684452,S2-792138736,S2-50617631,S2-794920269,S2-410711059,S2-572192396,S2-449228822,S2-258083159,S2-964834192,S2-473967219,S2-497043125
S1-976610203	S2-640655627,S3-344530224
S1-686540917	S2-186247078,S3-79259780,S3-747476092,S2-108984077,S2-137966243,S3-860140920
S1-77057709	S3-701606742,S2-912837287,S2-77839940
S1-752708586	
S1-583834139	S3-973488144,S2-136302124,S2-168927459
S1-487924033	
S1-165104436	S2-321541953
S1-225796865	
S1-801053745	S2-687812476,S2-93749685,S2-878871175,S2-974326217,S2-333544093
S1-241040514	S3-118673860,S2-729545295,S2-839529,S3-132574435,S2-71902427,S2-605756738,S3-204099251
S1-620502712	S3-215391333
S1-697371108	S2-795992840
S1-297220011	S2-587526757,S3-812700014,S3-290529825
S1-172127346	
S1-462255345	S3-493265747,S2-567082755,S3-452396743
S1-436294840	S3-140777499
S1-497620088	S3-576762809,S3-611861981,S2-24233782,S3-95716912,S2-484011271
S1-895742586	S2-215954495,S2-564401219
S1-746752622	S3-79622794
S1-262614015	
S1-490124385	
S1-10981175	S2-637028043
S1-402605415	S3-799419715
S1-82945427	S2-19588246,S3-786227301,S3-414563375
S1-586306176	S3-883186051
S1-756550594	S3-294986242
S1-811788748	S3-474017427,S3-839113994
S1-218695538	S3-840397951
S1-517949344	S3-153355841
S1-948075425	
S1-879389329	
S1-470647256	
S1-644561190	
S1-365987062	S2-460511259,S2-208648345,S3-938506308,S2-828105205
S1-873747778	
S1-490710521	
S1-283559796	
S1-595979657	S2-859946931
S1-287636395	S3-346525828,S3-959283545,S2-297579015,S3-182862225,S3-696857541
S1-552052093	S2-491807838
S1-44825451	S2-831822453,S3-98815949,S3-556357996,S2-457826844,S2-220267853,S3-182458564,S3-126377675,S3-597413654,S2-288102082,S3-135509753,S2-308901844,S2-679449608,S3-488521066
S1-387647858	S3-594063276
S1-773318881	S3-692487492
S1-33017980	S2-258576388,S3-727027180
S1-13725965	
S1-109641889	S3-331222248,S2-355556384,S2-801148383,S2-923455956
S1-333348301	S3-260496833
S1-596389295	S2-136975542,S2-560120046,S3-477623979,S2-282012829
S1-194343073	S3-978023742
S1-336152543	
S1-755026238	S3-240201827
S1-921472883	S2-152961340
S1-628563780	S3-145293340,S3-271851690
S1-528612247	S3-616009655
S1-325608211	
S1-46623715	
S1-350918063	S3-830328683,S2-918913816
S1-493253612	
S1-998460575	
S1-626640921	
S1-603264258	
S1-829166142	
S1-536020925	S2-680410467,S2-576380101
S1-263474173	
S1-474172740	S3-557613022,S2-308715890
S1-363602843	S2-990718055,S2-228630398,S3-662175430
S1-662374899	
S1-947868950	S2-802531187,S3-530093525,S3-683063867,S3-805005801,S2-790145633,S2-528528957,S3-79913880,S2-374592785,S3-11217764,S2-905664736
S1-199060579	S2-604976451
S1-915527840	S3-447267461
S1-168549051	S2-290451243
S1-861100110	
S1-377846202	S3-659002476,S3-471553408
S1-125952499	S2-526500567,S2-726115549,S2-261095518,S2-541684338,S2-292263833,S3-354647726
S1-227222686	S3-844270467
S1-985309692	S3-652441898,S3-904363558,S2-211808993
S1-564116899	S3-276166834,S2-953154753,S2-209067595,S2-879541485,S2-670046330,S2-49386080,S2-355004817,S3-957600877,S2-671876136,S2-421048537,S2-157249639,S2-154812953,S2-470324870,S3-148719780,S2-29569525,S2-703792298,S2-340148702,S2-134471437,S2-729327158,S2-243524846,S2-642909030,S2-620330010
S1-916575962	
S1-600561344	S3-224019923,S2-350522096
S1-239475266	
S1-48747549	S2-86577883
S1-928345305	S3-357771474
S1-204464643	S3-214668661,S2-503202602,S3-855226001
S1-647789499	S2-137001637
S1-561742839	
S1-918052091	S2-678787001
S1-276158488	
S1-240218187	S2-537794471
S1-444941176	S3-978827333
S1-690237392	S2-572505523
S1-337510150	S3-13562721
S1-147450568	S2-937184558
S1-191634263	
S1-744052941	S2-660992163
S1-679809740	S2-790145633,S2-374592785,S2-528528957,S3-805005801,S2-620561283,S2-211263095,S2-120474459,S2-802531187,S2-665636308,S3-552560551
S1-526867784	S3-486268251,S2-212577916
S1-877495214	S3-520359915,S2-155388133
S1-529172004	S2-15327272
S1-678508415	
S1-698689512	S3-640235289,S2-445673951
S1-339792863	S2-692712904,S2-501124134
S1-954388560	
S1-675998552	
S1-264304236	
S1-802451476	S3-409581613
S1-941347586	S2-146981646
S1-899882894	
S1-673153647	
S1-712510857	S3-219100728
S1-58920105	S2-108984077,S2-186247078,S2-515152170,S3-450971490,S2-259102833
S1-101740731	S2-174151957
S1-380513982	S3-146737063
S1-233846577	
S1-274063051	S2-538644983
S1-849369234	S2-682331225
S1-602287969	S3-451870002
S1-296341423	S3-179395519,S2-717869001
S1-448804054	S2-521990007,S2-532771319,S2-847014050,S3-147248039,S2-624819268
S1-324095800	
S1-54009750	S3-89323393,S2-582230935,S2-211261651,S3-701907418
S1-35384274	
S1-212231406	
S1-28666330	S2-904135138,S3-91566872,S3-354349471
S1-566366140	S3-167188465
S1-771368017	
S1-822332610	S2-337454545,S2-251860012
S1-876532311	
S1-188567558	S3-140542637,S3-994152542
S1-810916940	
S1-103166552	
S1-170859973	
S1-457103886	S3-214458970,S2-491264569,S3-111334690
S1-373371820	
S1-967787797	
S1-562917545	S3-512572922
S1-341468873	S2-349539635,S3-511532496
S1-94292397	
S1-5941610	S3-274809517,S2-263072243
S1-22566246	S3-922753681,S3-437854459,S2-616406875
S1-497369489	S3-39736963
S1-420375567	S3-782227968
S1-502674167	S3-435501239,S3-580664290,S2-222490459,S2-319977832,S2-823475279,S2-156868448
S1-821375423	S2-394143140,S3-475697295
S1-953251791	
S1-392673447	S3-942161504
S1-754010939	S2-693734223
S1-823803332	S3-405499556,S2-236617840
S1-519660405	
S1-324370531	S3-156752988
S1-567550420	S2-933194486
S1-366566283	S3-166469661
S1-366568350	
S1-206291632	
S1-916785800	
S1-297826923	S2-432235712
S1-70117435	
S1-998398396	
S1-881072058	S2-100699664
S1-737543910	S3-18831706,S3-299767578
S1-236537476	S2-760225692,S3-967151975
S1-194352096	
S1-251336895	
S1-966384008	S3-262135678,S2-637771176
S1-946141508	S3-378314776
S1-296102744	S3-72462871
S1-744444429	
S1-95547571	S3-381563905,S3-807167512
S1-235849615	S2-728126805
S1-752039138	
S1-50206704	S2-716274656,S3-248781089,S2-191110051,S3-692409677,S3-126882943,S2-447125532,S2-422593939,S2-187119816,S3-177120990,S3-513996147
S1-512173527	
S1-665099659	S3-403271818
S1-988241951	
S1-682136106	
S1-73091612	
S1-791524462	S3-206351611
S1-791679666	S3-592394414,S2-752771579
S1-843921839	S2-293074517,S2-116105412,S3-37492479
S1-852890634	
S1-746885449	S2-551862071,S3-23619206
S1-121871847	S3-773488065
S1-699987255	
S1-420200038	S2-218401820
S1-775496488	
S1-770322523	S2-478583200,S2-978549076
S1-298717636	S2-540565178,S2-150444666,S2-215194266
S1-810339465	S2-713182740
S1-46515805	S3-108113253,S3-543662283
S1-678994081	
S1-192179066	S3-455443201,S3-46029176,S3-66569235,S3-808459271,S3-97797501,S2-423000730,S3-758761008,S2-76461859,S3-231771180,S2-25227572
S1-304161945	S3-234369272,S2-892913838,S3-97797501,S2-423000730,S3-520591726,S3-143270945
S1-464304619	
S1-220323729	S2-953834670
S1-155008716	S3-187945661,S3-679113123,S3-166768480,S3-287471003,S2-582998174,S3-547871776,S2-718868191,S2-834651202
S1-739737336	S3-78677709,S3-954831574
S1-948904670	
S1-653509301	
S1-618708781	S2-265033181,S3-508334514
S1-996440673	S3-825503804,S3-34489353,S2-824540444,S2-575751207,S3-432964203,S3-173314585
S1-998608754	
S1-160523670	
S1-403620074	S2-546308600
S1-642418104	S2-232218780
S1-25787022	S2-402060780
S1-492673642	S2-192250856
S1-205309033	
S1-324416566	S2-216986601
S1-568911579	S2-176698727,S3-395760808,S2-970997752,S3-345313529,S3-244669915,S2-125648991,S2-99660166,S2-316377793,S3-148156789,S3-603152075,S2-393445657,S3-949870446
S1-600766140	S3-251407105
S1-16139337	S2-281612728,S2-989638897,S3-316244931,S3-729488848,S3-393638672
S1-607966851	
S1-51750115	
S1-225618497	S3-191518748,S3-138003536,S2-762167567,S3-315887067,S2-132512803,S2-847933753,S3-949870446
S1-942397490	S2-90237210,S3-693858535
S1-185081423	
S1-107065684	S3-408785303
S1-913169659	S2-13797108
S1-3078790	
S1-856358436	S2-420814161,S3-791845920
S1-601734009	S3-19421729
S1-732561712	S3-51072523
S1-602840790	S3-349971866
S1-77161439	
S1-799494943	S2-995698734,S3-490943676
S1-830349135	S2-869385108
S1-303778185	
S1-560995875	S3-746846835
S1-327498387	S2-569617315,S2-78011792
S1-266627430	S2-515570174
S1-553023395	S3-850965879
S1-406935524	
S1-388600682	S2-715732233,S3-605794770
S1-846779599	S3-955193909,S3-180434793,S2-402195620,S3-156674764,S3-148156789,S3-260612438,S3-794579175,S3-985569251,S2-58131523,S2-353382371,S2-354771658,S3-705076498,S2-685480560,S2-526110627,S2-252823895
S1-207571911	
S1-431077991	S3-23208438,S3-322958600
S1-309050179	
S1-215516049	S2-971735868
S1-302755292	S2-473967219,S3-260097805,S2-572192396,S2-258083159,S2-964834192,S2-9049062,S2-960752525,S2-792138736,S2-449228822,S2-410711059,S2-794920269
S1-326127297	S2-568282112
S1-540271882	
S1-923381931	S3-336307245
S1-215790192	S2-897108000
S1-163544211	S3-248202207,S3-509067412,S2-2833903,S2-369910308,S3-84433495
S1-390719693	S2-49071928,S2-736579451,S2-386373020,S2-216561632,S2-951463081,S3-297245507
S1-10399974	S3-24485687
S1-844292915	
S1-967028009	S3-35878448
S1-479555773	S2-413099148,S2-101998427
S1-359195269	S3-713269536
S1-439981214	S2-559368313
S1-634764863	S2-114878040
S1-820683293	S3-849155035,S2-98397115,S2-684894566,S3-379835856,S2-500619861,S2-483478101,S2-273000955
S1-115559038	S2-311210848
S1-812167714	S2-456396535,S2-81483963,S2-530247686,S2-132805742,S2-408997030,S2-218778690,S3-147266750,S2-986567923
S1-742554200	S3-865571670
S1-607593857	
S1-508801769	S2-851987558
S1-558064307	S2-268716176
S1-898947890	S2-293460546
S1-723193003	
S1-683469235	S2-662414001,S2-410346896
S1-366218531	S2-75676145
S1-729139935	
S1-382369917	S3-825503804,S2-657039247,S3-328940207,S3-566886956,S2-283292335,S3-561839301,S2-767912318,S2-91756479,S3-34489353,S2-328949009,S2-595425378,S2-985513383,S3-414359160,S3-308408313,S2-99207931,S2-884476783,S3-978095726,S2-824540444,S2-575751207,S2-241587641
S1-909477585	
S1-787135439	S2-234397662
S1-679163581	
S1-919181184	S2-166344535,S3-950004681,S3-524574661
S1-402174224	S3-884341804
S1-679205019	S2-74718379,S3-940109683,S3-945974540
S1-410250623	S3-606217734
S1-777231906	
S1-551954783	
S1-39677770	S3-384595690
S1-354170724	S3-292045281,S2-713869706
S1-478167659	S2-11468154,S2-504943624,S3-883449893
S1-637851222	S2-246535532,S2-348267596,S2-864893067
S1-505763648	
S1-998766330	
S1-574051238	S3-560874538,S3-21752199,S3-932509974,S2-67995225
S1-489390303	S3-336891052,S2-83541299
S1-598909400	
S1-715847600	S2-886688372,S3-633874597,S2-917622023,S2-549574478
S1-732812992	S3-911144781,S3-436201384
S1-705842662	S2-541912120,S3-634804700
S1-140424239	
S1-986226976	
S1-152242221	
S1-268847598	S3-552873040,S3-878705837,S3-845445437,S2-920659605
S1-485358472	
S1-614656267	S2-988875217
S1-306547736	S2-163976020,S2-743910486
S1-685295297	
S1-519265207	S2-884476783,S3-308408313,S3-812715061,S2-595425378,S3-552624737,S3-561839301,S2-985513383,S2-241587641,S2-657039247,S3-34489353,S3-328940207,S2-91756479,S2-824540444,S2-99207931,S2-767912318,S2-575751207,S2-283292335,S2-492601110
S1-189515270	S2-590833980
S1-417222362	S2-156518117,S2-847118335,S2-450142652
S1-241000339	
S1-517952569	
S1-796747712	S2-464880039,S3-490493342
S1-11073851	
S1-319433869	S2-890334296
S1-727856659	S3-613281090
S1-263168682	S2-919806624,S3-349256473
S1-621417630	S3-589925289,S3-156236853,S2-454396952,S2-852278214,S2-381913012
S1-54599556	S2-971258085,S2-889717438,S3-103787406,S3-963158938,S3-310485248
S1-428560303	
S1-117766623	S2-504524825,S3-531596894
S1-306922503	S2-331013564
S1-513897683	S3-414246055
S1-51476992	
S1-62648139	S2-534369804,S2-58820958,S3-223029864,S2-980731603,S2-48958031,S3-235537509,S3-767179289,S2-638528302,S2-374706162,S2-376065459
S1-46766328	S3-585056091,S2-795608900,S2-821750866
S1-134122288	
S1-220193920	S2-482863134,S2-635224331,S2-474500321,S2-756653342,S2-735962271,S3-717942621,S3-159386152,S2-241878481,S2-124135950,S2-258925491,S2-120000394,S2-769171248,S2-165144888,S2-547485991,S2-799306890
S1-92942472	S3-592579501
S1-381271606	S3-401877075
S1-665033244	S2-99207931,S2-767912318,S3-25023172,S3-561839301,S3-626587822,S2-328949009,S2-657039247,S2-824540444,S2-595425378,S2-91756479,S2-575751207,S3-328940207,S2-884476783,S3-308408313,S2-241587641,S2-985513383
S1-477529781	S2-439971438,S2-700347607
S1-128257856	S3-90722611
S1-436068165	S3-860555584,S2-475830482,S2-496297373,S2-59604091,S3-296943039,S3-638541983,S2-649508276,S3-182183829,S2-7184870,S3-711229586,S2-797000512,S2-413100340,S2-758204346,S2-454483999,S2-212596281,S2-871923559,S3-588151741
S1-861477697	S3-99584532,S3-453382240
S1-275231855	S3-465987580,S2-117544284
S1-693993540	
S1-787610485	S2-584539052,S3-463231647
S1-640676538	
S1-100320435	S3-144265539,S3-5792379
S1-889145385	
S1-735986438	S3-185881040
S1-790133811	S3-257431531,S2-535011959,S3-506946249,S2-155224998,S2-453996934,S3-416802588,S3-685043989,S2-248431132,S2-496443,S2-837713964,S2-79473504,S3-683764860
S1-521034659	
S1-106713544	
S1-457340810	
S1-429358703	
S1-759894026	S2-327377296
S1-8496376	S3-631403249
S1-930941828	S3-65836016,S3-240967904
S1-987688762	S3-538482179
S1-940747860	
S1-674808035	
S1-368040910	
S1-520587521	
S1-464199162	S3-111186056,S2-754914846,S2-946824544,S2-222981571,S2-57413237
S1-792996791	
S1-760241428	S3-828645010,S2-821779171
S1-273955974	S2-497543659
S1-749839535	
S1-851078815	S3-266894402,S2-26140013
S1-230765721	S3-418012772,S2-951535120,S3-829121051,S3-978023742
S1-258848162	S2-743707129,S3-135660889,S2-23470151,S2-19588246
S1-385954406	S2-378431556
S1-218549558	
S1-171165517	S3-721149638,S3-790425908
S1-760784764	S3-175023115,S3-779751345,S2-984676843
S1-952970176	S2-863002483
S1-439759537	
S1-261245139	S2-501754756
S1-535548690	S3-805162012,S2-306516731
S1-615832111	
S1-263289064	
S1-201563762	
S1-974786169	
S1-125733604	S2-311203267,S3-371579648,S2-615722989,S2-853575310,S3-715859049,S2-819340481,S2-218778690,S3-93552589,S3-436895152,S2-986567923,S2-15674143,S2-319393971,S2-132805742,S3-754466795,S3-64079929,S2-530247686,S2-408997030,S2-920177412,S2-371555068
S1-143433633	S2-634438073,S2-916044472,S2-574584543,S3-981293140,S2-277786455,S3-138003536,S3-344794290,S3-151063525
S1-623330075	S3-189308109,S2-419681693,S2-35674297
S1-638994271	S3-329443397,S2-917772848,S2-246748717,S3-189818970,S2-69017132
S1-130431247	
S1-530200999	S3-559508259,S2-266549713,S3-554170178
S1-714132312	S3-625880872
S1-106407869	
S1-909865979	S2-819591958
S1-778640743	S3-467616579
S1-684974736	
S1-714038427	S3-446799221
S1-426194890	
S1-122385784	
S1-540642140	
S1-261170522	
S1-614259237	
S1-334672926	
S1-564662660	
S1-581360597	
S1-946184931	
S1-930501805	
S1-474452362	
S1-39733947	
S1-574528784	
S1-85238196	
S1-569369299	S2-342223686
S1-559615219	
S1-684318101	
S1-983819279	
S1-87832748	
S1-520799361	
S1-56410032	
S1-518847572	
S1-35309228	
S1-74852342	
S1-395055615	
S1-4144001	
S1-512210875	
S1-126274111	S2-775330636
S1-991875825	
S1-219350089	S2-677572665
S1-476026008	
S1-595583207	
S1-106130112	
S1-78181547	
S1-875777939	
S1-868609391	
S1-842551642	S2-449622939
S1-977549219	
S1-465557953	S3-972494986
S1-542615632	
S1-370806262	S2-70342307
S1-149784022	
S1-621024	
S1-479716586	
S1-48247433	
S1-503254241	
S1-623031914	
S1-215270294	
S1-762005078	
S1-437281614	
S1-590781135	
S1-847114478	
S1-78728267	
S1-834257002	S2-108197339
S1-937349180	
S1-820730560	
S1-453884385	
S1-860482342	
S1-640880009	
S1-887500171	
S1-518257638	
S1-884660527	
S1-910004085	
S1-591894902	
S1-183285524	
S1-841168517	
S1-949091955	S2-398889556
S1-727773972	S2-732339370
S1-279446676	
S1-918109974	
S1-509532493	
S1-992285010	S3-823215288
S1-185535466	
S1-598558953	S3-723460337
S1-413573159	S3-950581093
S1-394334841	
S1-94096071	
S1-182458975	
S1-339269492	
S1-621676240	S2-274299312
S1-103138354	
S1-279963953	
S1-317707487	
S1-603458137	
S1-429550703	
S1-336786786	S2-621242127
S1-800911534	S3-800070274
S1-89100953	S2-972087927
S1-848293840	S2-642789912
S1-915512126	
S1-901504091	
S1-724741475	
S1-430298053	
S1-307277652	S3-257367928
S1-520627257	
S1-892745196	
S1-751409146	
S1-481776787	
S1-870654726	S3-933255338
S1-459183905	
S1-687813152	
S1-528962373	
S1-547053441	
S1-488635826	
S1-349698918	
S1-72706873	
S1-717385838	S2-536177093
S1-11379912	S2-750720584
S1-655700316	
S1-748500004	
S1-507163415	
S1-873761236	
S1-77383698	
S1-789788578	
S1-346777444	
S1-430462466	
S1-431137009	
S1-201994316	
S1-905520099	
S1-269094403	S2-938941826
S1-51627651	
S1-260204874	
S1-882791035	
S1-764707596	
S1-368908513	
S1-687138169	
S1-220372723	
S1-591377734	
S1-808794467	
S1-710758303	
S1-105001584	
S1-869422569	
S1-844617434	
S1-488174268	
S1-531518308	
S1-288588262	
S1-937797030	
S1-305324409	
S1-927419156	
S1-158003567	
S1-772204055	
S1-958709603	S2-770345966
S1-32131273	
S1-273693856	
S1-216847975	
S1-942180728	
S1-704576365	
S1-706359294	
S1-428039663	
S1-394925431	
S1-29387523	
S1-369896511	
S1-973133967	
S1-957109842	S2-392770174
S1-122221465	
S1-292853265	
S1-563412246	
S1-935953663	
S1-613214928	
S1-181117450	
S1-337798606	
S1-590126941	S3-28524867
S1-778630887	
S1-637166800	S2-495814550
S1-352595333	
S1-759995112	
S1-170472252	
S1-427329185	
S1-488457630	
S1-818470647	S2-354167940
S1-334574390	
S1-533417053	
S1-643493833	
S1-870309113	
S1-741750910	
S1-396704474	
S1-607302089	
S1-405440827	S3-606532087,S3-519696024
S1-760235082	
S1-17665971	S3-34560213
S1-573827896	
S1-5694837	
S1-895155435	
S1-481259122	
S1-626957328	
S1-820877559	
S1-111296778	S3-637871505
S1-546941880	
S1-702544592	
S1-545863954	
S1-772195807	
S1-453539657	
S1-46249643	S3-782320906
S1-699373004	S3-899519484
S1-831508195	
S1-30383410	
S1-267323354	
S1-626838100	
S1-714107578	
S1-923533895	
S1-650940902	
S1-674001307	
S1-669118103	S2-165820601
S1-591825395	
S1-341836448	
S1-686724393	
S1-146764860	
S1-644800304	
S1-670613672	
S1-45476583	
S1-712193425	
S1-142991774	
S1-573105537	
S1-402263041	
S1-34406583	
S1-793882586	
S1-313423382	
S1-751723139	
S1-984503844	
S1-870670114	
S1-755329516	
S1-769735105	
S1-545535789	
S1-307330189	
S1-985849844	
S1-129840509	
S1-620439917	
S1-645673704	
S1-366906832	S3-172622687
S1-818450767	S2-403418007
S1-236219320	
S1-313486473	S3-674961400
S1-665203072	
S1-990859962	
S1-325772170	S3-763044978
S1-196930853	
S1-383705289	
S1-94503331	
S1-647575013	
S1-72057324	
S1-867937984	
S1-843460748	
S1-705520087	
S1-629792731	
S1-891460771	
S1-158427430	S2-230585443
S1-555104163	
S1-574838650	
S1-353555145	
S1-868191449	
S1-207542087	
S1-128224466	
S1-437847715	
S1-890842089	
S1-119471339	
S1-612238175	
S1-521891133	
S1-49325121	
S1-27176967	
S1-583030458	S2-107332619
S1-491672580	
S1-737563674	
S1-541847553	
S1-811085440	
S1-310166751	S3-97219964,S3-562838169
S1-29704874	
S1-209560741	
S1-76891238	
S1-803723987	
S1-262724894	S3-687023304
S1-789310261	
S1-148192848	
S1-613788308	
S1-384391959	
S1-802501899	
S1-134964502	S3-549837264
S1-746205301	
S1-356330116	
S1-216853138	
S1-21010276	
S1-519840188	
S1-640903890	S2-809866423
S1-543738021	
S1-845582955	
S1-226835563	
S1-342524902	S3-123101660
S1-761368811	S3-920591469
S1-30674002	
S1-752875458	
S1-223740121	S2-333741086
S1-497450389	
S1-677361364	S2-286850939
S1-669877826	
S1-293244964	S3-85328531
S1-872080679	
S1-950006929	
S1-477543769	
S1-827116132	
S1-618510970	
S1-704316296	
S1-908289013	
S1-597171150	
S1-685163224	
S1-185787384	
S1-263986904	
S1-109940605	
S1-109569754	
S1-795051867	
S1-949970105	
S1-539063080	
S1-758070549	
S1-179448674	
S1-117124656	
S1-170883326	
S1-106694036	
S1-860696171	
S1-947779057	
S1-901582927	
S1-903791016	
S1-11483643	
S1-347810367	
S1-557169552	
S1-926971348	
S1-329066163	
S1-658544337	
S1-486008614	
S1-722405675	
S1-11172779	
S1-350174317	
S1-250931789	
S1-405602194	
S1-956897563	S3-519911635
S1-533522938	
S1-669776689	S2-433721543
S1-751033619	
S1-449179193	
S1-427642601	S3-541963415
S1-796461188	S2-650640716
S1-899317092	
S1-865063383	
S1-526715015	
S1-983022047	
S1-301477237	
S1-673136886	
S1-404917346	
S1-672593972	
S1-541465582	
S1-703209922	S2-790554646
S1-852148273	
S1-71595254	
S1-712418507	
S1-186871220	
S1-856200540	
S1-952064431	S2-631197950
S1-533888847	
S1-320086079	
S1-744754397	
S1-152508801	
S1-307615125	
S1-143536197	
S1-618419675	
S1-584838253	
S1-692949559	
S1-31931266	
S1-337081657	
S1-478404464	
S1-916370847	
S1-373387246	
S1-423303116	
S1-765122448	S3-233733873,S2-553572793
S1-45193124	
S1-241194969	S2-936282358
S1-906946241	
S1-660027440	
S1-828526849	
S1-222836798	
S1-941927098	
S1-36050400	
S1-59070872	
S1-917054737	
S1-705324532	
S1-754493357	
S1-831250685	
S1-522913763	
S1-489820330	
S1-459265885	
S1-293122678	
S1-677625506	
S1-146164660	S2-576190118
S1-446660894	
S1-720831376	
S1-515708142	
S1-571678867	
S1-44832721	
S1-73643688	
S1-908708575	
S1-407373690	
S1-129487038	S2-963306726
S1-443842458	S3-150876388
S1-641733504	
S1-134212823	S2-11892493
S1-468536106	S3-431226843
S1-14173735	
S1-332647251	
S1-217957750	
S1-73778505	
S1-505499864	
S1-92777166	
S1-694526898	
S1-562491304	
S1-491136206	S2-741478394
S1-750513522	
S1-1120102	S3-971212463
S1-463400859	S3-582942873
S1-492055681	
S1-249155369	
S1-932632094	
S1-840718013	
S1-807232527	
S1-913516047	S2-548032695
S1-586291714	
S1-514230893	S3-627081548
S1-716604051	
S1-146867417	
S1-220887760	
S1-17075718	S2-220537863
S1-883034077	
S1-980287383	
S1-667108166	
S1-307875866	
S1-248613636	
S1-557370412	
S1-616686159	
S1-764083611	
S1-7803700	
S1-804329115	
S1-424447492	
S1-830121570	
S1-497960353	
S1-447171342	
S1-329937523	
S1-318087936	
S1-423038111	
S1-720044635	
S1-228133926	
S1-669279083	
S1-196777004	
S1-580637198	
S1-673481371	
S1-251011052	
S1-370245336	
S1-898097340	
S1-395316873	S3-476181317
S1-596750278	
S1-753404819	
S1-560457112	
S1-778974909	
S1-642199078	S3-386576614
S1-244908293	
S1-843566558	
S1-189800582	
S1-667245441	
S1-257404767	S2-795404459
S1-700865544	
S1-578281785	
S1-799612793	
S1-827808098	
S1-241440391	S2-701875354
S1-100924044	S2-129717406
S1-773701187	
S1-698822548	
S1-52933535	
S1-540853898	
S1-384095941	
S1-37588878	
S1-461612339	S3-445597480
S1-856331133	
S1-741710803	
S1-891690675	S2-17678839
S1-193832241	
S1-1442433	
S1-965850934	
S1-656284403	
S1-103228349	
S1-44024494	
S1-733059779	
S1-190778439	
S1-643815315	
S1-19674074	
S1-687443441	
S1-62193120	
S1-58506863	
S1-954269341	
S1-561898259	
S1-786350920	
S1-325413412	
S1-76845158	
S1-618982360	
S1-956574846	
S1-336313200	
S1-626393772	
S1-600328758	
S1-443269250	
S1-381832976	
S1-696539121	
S1-189552336	
S1-305777097	
S1-798493930	
S1-587399612	
S1-851478447	
S1-914455456	
S1-846336917	
S1-290868682	
S1-484448860	
S1-424421169	S2-81698759
S1-661092369	
S1-503248917	
S1-734760847	
S1-86163193	S2-33915030
S1-656137509	
S1-984276929	
S1-186527688	
S1-108621251	
S1-712961244	
S1-259123476	
S1-782786878	
S1-632406610	
S1-83467231	
S1-483421527	S2-181647518
S1-34561630	
S1-634758155	
S1-974732084	
S1-114850409	
S1-962435320	
S1-217576490	
S1-815211774	
S1-611784409	S3-25930662,S2-765538778
S1-211592475	
S1-930848316	
S1-177770989	
S1-302590962	
S1-340171740	
S1-706653311	
S1-220260659	
S1-958298659	
S1-584741776	
S1-354802188	
S1-203203200	
S1-714405902	S3-231054213
S1-450555812	S3-82528485
S1-572311197	
S1-664710253	
S1-246032126	
S1-218502829	S2-153385123
S1-446339436	
S1-181784181	
S1-790075030	
S1-736713159	
S1-388152199	
S1-847388061	
S1-10781672	
S1-523081588	
S1-38884393	
S1-388483103	
S1-793181812	
S1-659049595	
S1-596707551	
S1-105249655	S3-156723182
S1-550631169	S3-159783015
S1-798806688	
S1-484953487	
S1-102808571	
S1-547584910	
S1-605927691	
S1-460245261	
S1-312444742	
S1-156309919	
S1-203108026	
S1-766358539	
S1-154719183	
S1-405858712	
S1-188335410	
S1-590847839	
S1-677821747	
S1-491043289	
S1-465651224	S2-702263933
S1-761390259	
S1-196036715	S3-189266584
S1-247612983	
S1-792917107	
S1-448241121	
S1-35243972	S2-458247798
S1-427417800	
S1-428740320	S2-583081647
S1-57650800	S2-926916965
S1-202888373	
S1-68375440	
S1-482469421	
S1-638312402	
S1-888351367	
S1-60188978	S2-712241
S1-606109731	
S1-921803281	
S1-175413430	
S1-893246797	
S1-841952191	
S1-920390520	S3-530060177
S1-788848138	
S1-618904464	
S1-483602789	
S1-511231810	
S1-327546778	
S1-544687180	
S1-747120037	
S1-787806823	
S1-376870527	
S1-429185660	
S1-20627394	
S1-49422945	
S1-679007878	
S1-639347951	
S1-480457861	
S1-952390528	S2-119595305
S1-75822229	
S1-908361288	
S1-544503346	
S1-219390382	S2-966137853
S1-726042940	
S1-704356919	
S1-77608143	
S1-874715914	
S1-688607805	
S1-286723247	
S1-910799639	
S1-123645591	
S1-606322048	
S1-910193711	S3-498895960
S1-932751177	S3-603233019
S1-297861839	
S1-13313453	
S1-788291440	S2-429287855,S2-156313873
S1-180650580	
S1-772559589	
S1-267626025	
S1-268077715	
S1-372672851	
S1-708578140	
S1-891933117	
S1-221438257	
S1-879751758	S2-39580344
S1-732240961	
S1-275722977	S3-573500267
S1-852435036	
S1-211740417	S3-537664497
S1-962765467	
S1-26435801	
S1-958479038	S2-81353681
S1-813286509	
S1-444758994	S3-673847678
S1-995196933	
S1-732418664	
S1-634363854	
S1-301232777	
S1-511635908	
S1-945451740	
S1-436728967	
S1-964594680	
S1-95763054	
S1-778806346	
S1-547691555	
S1-213366728	
S1-587182916	S3-732766346
S1-238949648	
S1-171641868	
S1-967759454	
S1-255090841	
S1-262247415	
S1-854128353	
S1-129137876	
S1-842706082	
S1-893217388	
S1-796868772	
S1-918398280	
S1-603084324	
S1-729988987	
S1-373022381	
S1-378974228	
S1-945590651	
S1-70304206	
S1-163099746	
S1-966266474	
S1-785725841	
S1-943539291	
S1-331007493	
S1-904484315	
S1-758680230	
S1-957064394	
S1-27412725	
S1-821625770	
S1-554221067	
S1-221868916	
S1-973621705	
S1-852992971	
S1-938473594	
S1-164896274	
S1-768908939	
S1-642556170	
S1-91272340	
S1-7029542	
S1-465371823	S3-802705544
S1-707782242	
S1-807004356	
S1-665272235	
S1-636086367	
S1-283985549	
S1-94446158	
S1-232288883	
S1-379631122	
S1-516887444	S3-404371401
S1-431549235	S2-491381283
S1-819007632	S3-337664139
S1-759776207	
S1-121586632	
S1-764769373	
S1-306835759	
S1-978004735	
S1-55150336	
S1-734812559	
S1-395747417	S3-55048406
S1-133726642	
S1-10459565	S3-878782457
S1-162657603	
S1-64429589	
S1-216916804	
S1-108133529	
S1-16446879	
S1-996291079	
S1-707057441	
S1-154351391	
S1-682184933	
S1-334650060	
S1-849630374	
S1-63360202	
S1-47769331	
S1-945360391	
S1-720342918	
S1-220084921	S3-682298984
S1-317363337	
S1-391150694	
S1-808949240	
S1-866533397	
S1-162442089	
S1-739584172	
S1-780823360	
S1-589666205	
S1-401204594	
S1-355877718	
S1-827710942	
S1-791059997	
S1-644148320	
S1-726216331	
S1-110418596	
S1-673637219	
S1-286670231	
S1-955714374	
S1-192939249	
S1-992938686	
S1-74653114	
S1-456450816	S3-981822652
S1-484217155	
S1-432919128	
S1-448724215	
S1-3691239	
S1-852712186	S2-687821320
S1-439936870	
S1-70822873	S2-869488189
S1-528167894	
S1-671126660	
S1-322358360	
S1-811366506	
S1-775742331	
S1-625153781	
S1-105334146	
S1-790149645	
S1-623945047	
S1-894253368	
S1-767519231	
S1-709949202	S2-788412523
S1-907766936	
S1-498352099	
S1-387856021	
S1-617543495	
S1-110042519	
S1-781854374	
S1-267378563	S2-439163135
S1-522096220	
S1-177049354	
S1-979547986	
S1-652950277	S2-657766050
S1-923766391	
S1-946474334	
S1-662502009	
S1-167833578	S2-154492366
S1-476492862	
S1-127371136	
S1-992803857	
S1-827303594	S2-815922643
S1-216408248	S2-158076477
S1-398771695	
S1-953380015	
S1-88597680	
S1-847877954	
S1-12838861	
S1-136227642	
S1-668762034	
S1-182352008	
S1-269480237	
S1-654815541	
S1-795462117	
S1-506844307	
S1-945978335	
S1-271876796	
S1-138208605	
S1-69935419	
S1-952347082	
S1-75966225	
S1-190474416	
S1-346536239	
S1-892135269	
S1-379187097	
S1-319123315	
S1-948766817	S2-211417633,S3-29213628
S1-410139187	
S1-598483634	
S1-722291185	S2-187517712
S1-980004950	
S1-559167236	
S1-244617086	
S1-89393216	S2-517118544
S1-341173150	
S1-149472874	
S1-681404732	
S1-741544048	
S1-117374073	
S1-89072332	
S1-360755167	
S1-396560502	
S1-837067731	S3-686735217
S1-648674922	
S1-677620581	
S1-671904040	
S1-372249803	
S1-196224130	
S1-159545842	
S1-65034685	
S1-603272005	
S1-515623482	
S1-261226148	
S1-332395916	
S1-828397431	
S1-177674448	
S1-344502679	
S1-47824381	
S1-351923899	
S1-74797846	
S1-233237645	S2-92075726,S2-326727824
S1-840340606	
S1-490623704	
S1-274925692	
S1-695490495	
S1-874643981	
S1-434862335	
S1-710793097	
S1-878859622	S2-965733975
S1-115386355	S2-384833438
S1-282608118	
S1-601165352	
S1-277848190	
S1-525028892	
S1-56876731	
S1-722096611	
S1-76531594	
S1-864093388	
S1-653023012	
S1-504035501	
S1-204631479	
S1-822340043	
S1-749578382	
S1-871104119	S3-288967170
S1-67005936	
S1-713921409	
S1-285617979	
S1-803016938	
S1-694745232	
S1-144274940	
S1-381401087	S3-91217412
S1-153146218	
S1-212677128	
S1-157330686	
S1-748958732	
S1-407654264	
S1-814013173	
S1-753026938	
S1-211142141	
S1-634610332	
S1-99954607	S3-895886094
S1-923688134	S2-186397808
S1-364411389	
S1-681088096	
S1-43711739	
S1-665766977	
S1-353684891	
S1-426351934	
S1-452434765	
S1-585986705	
S1-247594164	
S1-199310468	
S1-716158090	
S1-172958490	
S1-67971888	S2-442604921
S1-775486611	S2-225554548,S2-525516614
S1-44829369	S3-207257307
S1-540464439	
S1-288931430	
S1-835496695	
S1-734135891	
S1-528903974	
S1-312513406	
S1-426176765	
S1-79772049	
S1-211191931	
S1-84897919	
S1-779657425	
S1-962624367	
S1-871544882	
S1-285198980	
S1-893139601	
S1-774719750	
S1-505093692	
S1-105462604	
S1-484151099	
S1-710030819	
S1-400950017	S2-873112946
S1-641521538	S3-595399629
S1-556477229	S3-961725003
S1-859753923	
S1-563807678	
S1-587243353	
S1-731704475	
S1-673552678	
S1-715816473	
S1-383997538	
S1-894657764	
S1-78249158	
S1-27610521	
S1-668820810	
S1-56536956	
S1-427285316	
S1-274508775	
S1-480678958	
S1-82714362	S3-220608549
S1-174467251	S2-69963179
S1-980215837	
S1-385884447	
S1-260875297	S3-54790939
S1-378176090	
S1-85870193	S2-687821320
S1-621693012	
S1-660051846	S3-232962813
S1-317106351	
S1-226928249	
S1-246043473	
S1-721419743	
S1-708652258	
S1-382841899	
S1-178438393	S2-286437658
S1-88174520	
S1-802693565	
S1-573008876	
S1-582385973	
S1-145798710	
S1-417926500	
S1-241987063	S2-204486391
S1-585951458	
S1-344665822	
S1-446844125	
S1-605833617	
S1-925379729	
S1-762932201	
S1-964226683	S3-436531308,S3-62710241
S1-374765600	
S1-586245621	
S1-320769996	S3-778115615
S1-60400943	S2-923432546,S2-486211748
S1-689823050	S2-829077756
S1-481669221	
S1-280204013	
S1-742053041	
S1-479574617	
S1-680637447	
S1-870190130	
S1-365170694	
S1-378191895	
S1-750279127	
S1-209281220	
S1-550154910	
S1-897975128	
S1-704604312	
S1-123475953	
S1-444801830	
S1-502376041	S2-551281247
S1-594021398	
S1-99245709	S3-332530974
S1-339015166	
S1-41643447	
S1-244940399	
S1-762904067	
S1-874436225	
S1-816918307	S2-627029064
S1-52153457	
S1-867332501	
S1-802731895	
S1-807424751	
S1-269499779	S2-213540384
S1-402621048	
S1-684202485	
S1-503487168	
S1-967139755	
S1-577269922	
S1-252468250	
S1-781801397	
S1-669434847	
S1-570053103	
S1-736469556	
S1-483126440	
S1-270951405	
S1-493139457	
S1-895087526	
S1-829126727	
S1-280936763	
S1-999165514	
S1-862701045	
S1-674871004	
S1-287307821	
S1-323395452	
S1-143287441	
S1-660977005	
S1-44674670	
S1-712639027	S2-309210999,S3-304334739
S1-906720062	
S1-208197675	
S1-73366741	
S1-866981273	
S1-139090022	
S1-102847291	
S1-619110488	
S1-983603694	S3-304223423
S1-423414451	
S1-526334226	
S1-381894503	
S1-313092170	
S1-60876864	
S1-308199161	S2-499220671
S1-358927120	
S1-337122273	
S1-650650055	
S1-725006887	
S1-47803313	
S1-385569722	
S1-650304466	
S1-762839052	
S1-550679918	
S1-659666950	
S1-772914073	
S1-813052697	
S1-366528589	
S1-971996731	S2-686992599
S1-104317115	
S1-950720921	S2-435734109
S1-714649207	
S1-552966879	
S1-220057580	
S1-64462728	
S1-807938084	
S1-693870315	
S1-455827432	
S1-666592077	
S1-382076507	
S1-799535694	
S1-222645796	
S1-192481319	S2-865639122
S1-782634160	S2-958316746
S1-759762834	
S1-653070765	
S1-559968662	
S1-964877324	
S1-883416047	
S1-391244573	
S1-302219416	
S1-181883447	
S1-1433093	
S1-733472967	S3-926988288
S1-851421910	
S1-503010787	
S1-255349799	
S1-661144640	
S1-13506955	S2-730414002
S1-262020943	
S1-746909581	
S1-782456413	
S1-133484055	
S1-162954117	
S1-302536542	
S1-457601305	
S1-78029452	
S1-484349079	
S1-595486290	
S1-587404171	S2-283905488
S1-986604838	
S1-766408899	
S1-327983313	
S1-273531258	
S1-772535560	
S1-598136304	
S1-544222533	S2-172430353
S1-493959729	
S1-792204527	
S1-198662647	
S1-22335277	
S1-291584542	
S1-556611862	S3-968651027
S1-32767080	
S1-242691036	
S1-770890247	
S1-766655509	
S1-415414688	
S1-948985690	
S1-653149647	
S1-657251225	
S1-244474490	
S1-355078971	
S1-288364156	
S1-500222888	
S1-247274429	
S1-511066423	S2-866570582
S1-605505884	
S1-346760887	
S1-597621907	
S1-36048451	S3-807704941
S1-98985291	
S1-504750404	
S1-576111952	
S1-915233460	
S1-119248132	
S1-382212549	
S1-35578091	S2-812811748
S1-34932143	
S1-963501196	
S1-94665545	
S1-460829054	
S1-817207769	
S1-261393939	
S1-864062904	
S1-389115869	
S1-485290093	
S1-449015682	
S1-688852755	
S1-501963178	
S1-718126154	
S1-241758739	
S1-635915279	
S1-257953143	
S1-66970748	
S1-68168779	
S1-877808612	
S1-415245659	
S1-852807313	
S1-643209618	
S1-581863940	
S1-377916068	
S1-37907520	
S1-260721574	
S1-677484813	S3-985253425
S1-443768681	
S1-224275529	
S1-417606815	
S1-534346740	
S1-729626041	
S1-204633959	
S1-553186193	S3-375137324
S1-42502314	
S1-317114355	
S1-649110450	
S1-152550844	
S1-734921625	S2-89642010
S1-68108533	
S1-789286562	
S1-493735795	S3-578513010,S2-20091273
S1-755184527	
S1-77449994	
S1-194589041	S3-702161414
S1-550464269	
S1-500922440	
S1-111694025	
S1-131623880	
S1-453383072	
S1-740059747	S3-603752635
S1-979645754	
S1-552090769	
S1-444520529	
S1-170318976	
S1-847310129	S2-692375652
S1-697980001	
S1-338401200	
S1-501819870	
S1-541668027	
S1-528495462	
S1-317928365	
S1-735449543	
S1-368898506	
S1-39608811	
S1-740176897	
S1-760964613	
S1-759533619	
S1-415302434	
S1-397514626	
S1-603295553	
S1-829004597	
S1-340381642	
S1-715029307	
S1-189661852	
S1-232418369	
S1-900373432	
S1-322014701	
S1-445155683	
S1-70052354	
S1-954767088	
S1-529469516	
S1-200871763	S2-34730811
S1-946578635	
S1-899271918	S3-407406642
S1-861020733	S3-597121664,S3-672989993
S1-473518955	
S1-112878071	
S1-387370379	
S1-730190320	
S1-884819027	
S1-667494116	
S1-559176480	
S1-563834046	
S1-605344566	
S1-426796552	
S1-358071494	
S1-913184147	
S1-121278089	
S1-117946977	S3-656462681
S1-764467216	
S1-600671460	
S1-985458663	
S1-998079629	
S1-436389656	
S1-141582671	
S1-870259303	S2-491755789
S1-255512449	
S1-220217287	
S1-576221857	
S1-540647065	
S1-738529927	
S1-495018313	S2-193120699
S1-735494336	
S1-874756885	
S1-930629318	
S1-743413952	S2-112419183
S1-288261457	S2-952048795
S1-584694385	
S1-362900691	
S1-743701929	
S1-554606367	S2-199676050
S1-863840933	
S1-517585252	
S1-24190993	
S1-962462371	
S1-631267110	
S1-616328186	
S1-772390233	
S1-454570944	
S1-824705510	
S1-175897406	
S1-836657851	S3-599807224
S1-738388422	
S1-70730985	
S1-913071720	S3-744751229
S1-730858570	
S1-755841052	
S1-62406587	
S1-945599294	
S1-282690027	S2-527146506
S1-507700514	
S1-507057032	
S1-290658366	
S1-169797977	S3-753164863
S1-44516836	
S1-428409415	
S1-659886446	
S1-330401139	
S1-928776546	
S1-79493353	
S1-598644426	
S1-662097139	
S1-76227211	
S1-754443232	
S1-398462363	S2-480272688
S1-258544368	
S1-71390708	
S1-522847261	S3-256038724
S1-469837394	
S1-156259591	
S1-46734148	
S1-925888590	
S1-733058423	
S1-62369497	
S1-472029773	
S1-404958214	
S1-903680191	S3-792378815
S1-897438771	
S1-411150863	
S1-721904625	
S1-500842861	
S1-146269669	
S1-579513223	
S1-834059246	S2-758721445
S1-464735932	S2-468067303
S1-720494821	
S1-614166527	
S1-330425761	
S1-636382711	
S1-864813407	
S1-593083174	
S1-265308634	
S1-313657958	
S1-184326040	
S1-303885393	
S1-524471698	
S1-81401869	S2-938845361
S1-600924899	
S1-951404426	
S1-438605996	S2-608963132
S1-578655170	
S1-855309387	S3-201603103,S2-82866756
S1-849800146	
S1-689992280	
S1-130033627	
S1-200328362	
S1-822365624	
S1-973488776	
S1-452851960	
S1-371215032	
S1-880149151	
S1-491775540	
S1-503016984	
S1-446731231	S3-537033624
S1-450337428	
S1-29596643	
S1-601561210	S2-721399155,S2-150783646
S1-754410830	
S1-995936163	
S1-990991704	
S1-52033338	
S1-717480913	S2-568621810
S1-699194125	
S1-161663716	
S1-622031313	
S1-147548498	
S1-26628666	
S1-377471644	
S1-569486927	S3-433037437
S1-788480541	
S1-650931728	
S1-224442543	
S1-262086042	S2-325956139
S1-102067063	
S1-232798487	
S1-105827392	
S1-906803032	
S1-42258623	S2-486211996
S1-966166665	
S1-432612382	S2-968883222
S1-478187960	
S1-618760923	
S1-342769339	
S1-293619205	
S1-896292297	
S1-935841397	S3-324443887,S2-689198436
S1-326846186	
S1-711330965	
S1-463287529	
S1-541361289	
S1-977429262	
S1-279892562	
S1-822292739	
S1-667764898	
S1-581382815	
S1-598934460	S2-984600700
S1-584697437	
S1-608664540	S3-779974544
S1-84451840	
S1-167638623	
S1-729467781	
S1-80773469	
S1-581757578	
S1-657558693	
S1-402494925	
S1-266555379	
S1-225034106	
S1-519677292	
S1-443534708	
S1-382169090	
S1-790517362	
S1-880615423	
S1-48180936	
S1-912943762	
S1-671491624	
S1-55716966	
S1-98549181	
S1-815606753	
S1-959883069	S2-615526201,S3-517116339
S1-166391907	
S1-726276781	
S1-120806394	
S1-391836868	
S1-765276200	S2-72969210
S1-775310986	
S1-305472241	
S1-299047552	
S1-864843313	
S1-985578465	
S1-602902072	
S1-487057151	
S1-935703327	S2-130147955
S1-61384671	
S1-629887537	
S1-140373393	
S1-515072958	
S1-794806928	
S1-195675964	S2-107557903
S1-245620451	
S1-402387176	
S1-899593553	
S1-103648967	
S1-15967051	
S1-954789288	
S1-543400611	
S1-552047258	
S1-654184515	
S1-276858394	S3-795106501
S1-323057996	
S1-855616906	
S1-259620026	
S1-39575732	
S1-777929094	
S1-769814533	
S1-957659829	
S1-783895442	
S1-461670379	
S1-985740908	
S1-870743390	
S1-575174642	
S1-480447397	
S1-810784492	
S1-311974093	
S1-226072612	
S1-142032781	
S1-45340570	
S1-740535429	
S1-934216469	
S1-860733442	
S1-750661182	
S1-514613275	
S1-607890592	
S1-123576263	
S1-351949258	S2-367044401
S1-652287609	
S1-975538421	
S1-329065638	
S1-325974220	
S1-322970668	
S1-621619027	
S1-475434066	
S1-389829785	
S1-757768634	
S1-906302489	
S1-836337159	
S1-317432810	
S1-29676446	S2-301332274,S3-212600677
S1-617326546	
S1-563052726	
S1-638128832	
S1-403810741	
S1-733594883	
S1-201112839	
S1-665694632	
S1-845833663	
S1-658355065	
S1-596614047	
S1-592294131	
S1-40438195	
S1-689634385	
S1-639390518	S2-443673236
S1-218103420	
S1-498309017	
S1-346872030	
S1-755938174	
S1-282307218	
S1-477481289	
S1-460394558	S2-504760653
S1-938790742	
S1-440988123	
S1-903289741	
S1-289522425	
S1-307993358	
S1-924082974	
S1-581219602	
S1-786664553	
S1-344144068	
S1-126953632	
S1-276052128	
S1-133831982	
S1-807068045	
S1-774138226	
S1-177637478	
S1-590056143	
S1-763454556	
S1-549228388	
S1-112241089	
S1-534989528	
S1-813569355	
S1-693124776	
S1-733290007	
S1-412875621	
S1-937846636	
S1-145220794	
S1-489782023	
S1-237941811	
S1-573016752	
S1-382279860	
S1-650793969	
S1-126557493	
S1-626419543	
S1-649311297	
S1-652650064	
S1-958356049	
S1-55639441	
S1-272723892	
S1-419427065	
S1-328236147	
S1-562583380	
S1-49303005	
S1-324107840	
S1-705084429	
S1-167084059	
S1-700479380	
S1-907619545	
S1-570007441	
S1-470685162	
S1-334010423	
S1-240063613	
S1-757477029	S3-450104587
S1-585127049	
S1-555410066	
S1-997195158	
S1-607789485	S2-576583345
S1-241189286	
S1-739108360	
S1-750647545	
S1-313444553	
S1-200927253	
S1-700234729	
S1-788473040	
S1-737447851	
S1-651242280	
S1-992646451	S2-892828990
S1-475834262	S2-820873019
S1-512996230	
S1-636353962	
S1-405074481	
S1-37878759	S3-425723607
S1-639958525	
S1-714559707	
S1-784040568	
S1-535205962	
S1-839063043	
S1-159966605	
S1-354931910	
S1-372245082	
S1-71805099	
S1-331754887	
S1-644030642	
S1-896890808	
S1-769482090	
S1-701136694	
S1-442704690	
S1-33122397	
S1-882661287	
S1-466756397	
S1-686148514	
S1-489030124	
S1-893781011	
S1-315658788	
S1-676424099	
S1-193477951	
S1-410481696	
S1-427531485	
S1-193181440	
S1-53619295	
S1-883553050	
S1-46926584	S2-343384693
S1-277014634	
S1-67590313	
S1-674914967	S3-125112215
S1-83154552	
S1-618933402	
S1-782553097	
S1-421949472	S2-517453982
S1-910737469	
S1-57348605	
S1-226805741	S3-310456645
S1-242879085	S3-565294357
S1-683617881	
S1-846160569	
S1-421998899	
S1-5165369	
S1-388245391	
S1-698449589	
S1-736162673	
S1-555350289	
S1-950519154	
S1-997019898	
S1-760816211	S2-911418309
S1-484891659	
S1-517740762	
S1-919889935	
S1-912365081	
S1-527663205	
S1-924164040	
S1-440645767	S2-397123904
S1-708603034	
S1-762257555	
S1-919888511	
S1-628791360	
S1-332618783	
S1-796251718	
S1-631521728	
S1-274886557	
S1-861266479	
S1-749427923	
S1-477329215	S2-713091713
S1-875446819	
S1-638197043	
S1-789997025	
S1-641381946	
S1-85494537	S2-753735847,S2-606224626
S1-309536194	
S1-353664395	S2-781522687
S1-440971196	
S1-69348624	S2-720800244,S3-264950622
S1-326577382	
S1-297420248	
S1-873701512	
S1-192330724	
S1-731819349	
S1-819626897	
S1-963877776	
S1-409336656	
S1-625702584	S2-249029051
S1-943778760	S2-550049935
S1-154668605	S3-582595018,S2-864994197
S1-221545619	S2-862851915
S1-838114892	
S1-231982106	
S1-744386862	
S1-442441700	
S1-338592807	
S1-533583412	
S1-858917964	
S1-750360829	
S1-288311477	
S1-429756989	S2-229876709
S1-219453359	
S1-872344748	
S1-160661450	
S1-618992155	
S1-680305536	
S1-41923451	
S1-975606427	
S1-125725967	
S1-661990269	
S1-308217733	
S1-720777077	
S1-106856665	
S1-147535796	
S1-687237362	
S1-971358208	
S1-401864203	
S1-419058082	
S1-732961671	
S1-461785753	
S1-910473852	
S1-714077420	S2-236296430
S1-642966235	S2-301387310
S1-534513269	
S1-521308469	
S1-3557546	
S1-986806167	
S1-353310159	
S1-517260039	
S1-523196895	
S1-680785149	
S1-151701394	
S1-682183472	
S1-750039402	
S1-811974162	
S1-90129787	
S1-994904855	
S1-796020041	
S1-691438963	S2-836198324
S1-286465454	
S1-943139131	
S1-121813230	
S1-658654418	
S1-472443883	
S1-618461228	
S1-209595740	
S1-596538042	
S1-273249163	
S1-911040502	
S1-122542345	
S1-124911378	
S1-388199288	
S1-971559313	
S1-496369034	
S1-708413044	
S1-989292929	
S1-632671163	
S1-459645780	S2-269509975
S1-22482771	
S1-738045284	
S1-840695858	S2-708369417
S1-613023372	
S1-488052935	
S1-401305941	
S1-214199077	
S1-773817576	
S1-52553681	S3-183891751
S1-562353733	
S1-857651536	
S1-90899239	
S1-489140946	
S1-523607347	
S1-846495811	
S1-904154429	
S1-140236337	
S1-872899714	
S1-274490349	
S1-547036696	
S1-739530450	S2-315196896
S1-298114695	
S1-259892627	S3-242615313
S1-516649368	
S1-489433719	
S1-233860097	
S1-171173719	
S1-859295838	
S1-901392046	
S1-125906634	
S1-289797	S3-623635836
S1-184025150	
S1-923989066	S2-270579113
S1-588683396	
S1-498282217	
S1-356288671	
S1-241026415	
S1-207004701	S3-325902750,S2-741776934
S1-864089032	
S1-124755498	
S1-21929210	
S1-553805025	
S1-238911744	
S1-510129267	
S1-292044369	
S1-426766569	
S1-754169093	
S1-303714420	
S1-308621662	
S1-91022467	
S1-531092926	
S1-115657234	S2-205821270
S1-953264718	S2-628961065
S1-572628619	
S1-379381643	
S1-87687506	
S1-604580133	S2-183731896
S1-545201764	S2-272191691
S1-710157655	
S1-512127022	
S1-928512730	
S1-374644632	
S1-134467695	
S1-970711261	
S1-583065272	
S1-246613826	
S1-362433069	
S1-630888300	
S1-158673108	
S1-398975579	
S1-261204121	
S1-219896237	
S1-310373781	
S1-785346955	S3-326835964
S1-87107159	
S1-774841786	
S1-562895326	S2-296319223
S1-956348821	
S1-351688184	
S1-125339420	
S1-92753223	
S1-631479201	
S1-776755474	
S1-919529719	
S1-725913461	
S1-32677738	
S1-744300793	S2-839629994,S2-582157971
S1-468118516	S2-78666372
S1-568485477	
S1-669870051	
S1-415387940	
S1-436994877	
S1-291608573	
S1-95246987	
S1-140410853	
S1-465658290	S3-548154160
S1-354244869	
S1-790521767	
S1-23624449	
S1-82163842	
S1-183235572	S3-311145376
S1-598014910	
S1-714079881	
S1-246844238	S2-399718058
S1-730390346	
S1-575824749	
S1-366538983	
S1-436221709	
S1-60490751	
S1-527818224	
S1-916603429	
S1-263854686	
S1-620965338	
S1-598167773	
S1-228229787	
S1-643834744	
S1-694254644	
S1-594354869	
S1-815964115	
S1-515583222	
S1-263085782	
S1-440751205	
S1-698710662	S3-11952213
S1-506616978	
S1-549240253	
S1-343273828	
S1-540466437	
S1-935810789	
S1-431598643	
S1-76835099	
S1-667284300	
S1-717108073	
S1-271891359	
S1-492285617	
S1-211251594	
S1-90508168	S3-386725381,S2-297740414
S1-771762254	
S1-210499018	
S1-629474007	
S1-716259203	
S1-715595521	
S1-816345725	
S1-612826948	
S1-443276260	S3-545781835
S1-495291598	
S1-840854323	
S1-306211548	
S1-812468044	
S1-388203613	
S1-441630804	
S1-333239676	
S1-963108098	
S1-105994064	
S1-768135650	
S1-415400097	
S1-452583127	
S1-976475136	
S1-728171105	S3-404418801
S1-846357873	
S1-342951831	
S1-714067909	
S1-346094403	
S1-243236242	
S1-210146847	S3-824343104
S1-181819964	
S1-445520074	
S1-284126036	
S1-622654527	
S1-13421485	
S1-728071474	
S1-483199532	
S1-562583127	
S1-187235323	
S1-314546470	
S1-405539317	
S1-257424560	
S1-630651078	
S1-95528421	
S1-454866261	
S1-851650494	
S1-960311166	
S1-651515941	
S1-57894782	
S1-549445098	
S1-757370873	
S1-913775724	
S1-397555731	
S1-85672105	
S1-82882147	
S1-652202046	
S1-610083316	S2-129456953
S1-31753683	
S1-719775404	
S1-22652693	
S1-277377920	
S1-949105439	
S1-205322546	
S1-946073994	
S1-17833262	
S1-924150937	
S1-627358152	
S1-14866099	
S1-159301101	
S1-743314341	
S1-257182022	
S1-987752445	
S1-789037213	
S1-197727862	
S1-489260119	
S1-851055624	
S1-354455611	
S1-399371867	
S1-375579069	
S1-506221833	S3-481785805
S1-972726859	
S1-34983322	S2-118314203,S3-874542182
S1-141407942	
S1-428513969	
S1-925358109	
S1-394642076	
S1-162881013	
S1-758778797	
S1-331707670	
S1-840448762	
S1-76844888	S2-996244700,S3-99382534
S1-44803560	
S1-692496075	
S1-547528968	
S1-80005094	
S1-994407008	
S1-646807832	
S1-521720736	
S1-302253652	S3-506819336
S1-351659438	
S1-290238589	S2-159856715
S1-669982429	
S1-432635859	
S1-988184895	
S1-219806298	
S1-868715737	
S1-705984118	
S1-88623617	S3-487818785
S1-367729398	
S1-823788524	
S1-46843784	
S1-485331101	
S1-745059498	
S1-917900366	
S1-266914077	
S1-809013510	
