source1_entity_id	country	true_matches_count	candidates_count	retained_true_matches	all_matches_retained	s2_candidates	s3_candidates	is_singleton
S1-758389375	India	3	12	3	1	8	4	0
S1-795573146	India	4	16	4	1	9	7	0
S1-491685384	India	3	46	3	1	26	20	0
S1-566210236	India	4	50	4	1	27	23	0
S1-535820601	India	5	30	5	1	15	15	0
S1-221042234	India	1	30	1	1	15	15	0
S1-557775347	India	4	50	4	1	31	19	0
S1-650942526	India	4	23	4	1	12	11	0
S1-73671798	India	0	50	0	1	27	23	1
S1-846288553	India	5	50	4	0	28	22	0
S1-328018929	India	3	31	3	1	17	14	0
S1-270881336	India	2	12	2	1	3	9	0
S1-856318839	India	3	29	3	1	13	16	0
S1-488652268	India	4	48	4	1	29	19	0
S1-699148082	India	2	36	2	1	18	18	0
S1-390952577	India	3	24	3	1	14	10	0
S1-630307131	India	1	34	1	1	15	19	0
S1-977206083	India	4	20	4	1	7	13	0
S1-879687847	India	1	40	1	1	20	20	0
S1-118551289	India	3	27	3	1	13	14	0
S1-682504657	India	3	29	3	1	14	15	0
S1-499695393	India	3	41	3	1	22	19	0
S1-187503875	India	0	48	0	1	24	24	1
S1-79217329	India	2	30	2	1	14	16	0
S1-872490692	India	4	47	3	0	25	22	0
S1-898735020	India	5	38	5	1	20	18	0
S1-501527381	India	5	5	5	1	2	3	0
S1-615506217	India	3	26	3	1	12	14	0
S1-493708598	India	2	49	2	1	24	25	0
S1-172168494	India	2	50	2	1	28	22	0
S1-185431926	India	3	24	3	1	10	14	0
S1-635449778	India	0	40	0	1	20	20	1
S1-146073577	India	5	23	5	1	11	12	0
S1-140419728	India	0	30	0	1	14	16	1
S1-738156210	India	6	42	6	1	19	23	0
S1-397244502	India	5	30	4	0	15	15	0
S1-739607222	India	6	21	6	1	13	8	0
S1-640423167	India	4	47	4	1	26	21	0
S1-269662675	India	4	13	4	1	7	6	0
S1-975311032	India	2	24	2	1	12	12	0
S1-308208786	India	5	24	5	1	11	13	0
S1-527260970	India	2	29	2	1	13	16	0
S1-804046049	India	1	20	1	1	10	10	0
S1-876735213	India	3	27	3	1	14	13	0
S1-993907346	India	3	49	3	1	25	24	0
S1-575057120	India	0	16	0	1	7	9	1
S1-961079206	India	5	35	5	1	18	17	0
S1-145347573	India	3	43	3	1	23	20	0
S1-461787088	India	5	44	4	0	22	22	0
S1-794237790	India	9	36	7	0	17	19	0
S1-153918610	India	0	50	0	1	27	23	1
S1-481845397	India	5	47	5	1	22	25	0
S1-405342797	India	4	7	4	1	3	4	0
S1-996631687	India	5	50	2	0	26	24	0
S1-31873067	India	5	10	5	1	3	7	0
S1-941695850	India	0	24	0	1	11	13	1
S1-722214148	India	2	50	1	0	27	23	0
S1-724427435	India	2	30	2	1	17	13	0
S1-964980378	India	4	27	4	1	11	16	0
S1-604258818	India	4	19	4	1	9	10	0
S1-399726449	India	4	45	4	1	24	21	0
S1-920086386	India	5	10	5	1	6	4	0
S1-738651881	India	5	21	5	1	11	10	0
S1-894398468	India	2	50	1	0	28	22	0
S1-431917379	India	4	30	4	1	16	14	0
S1-28372580	India	4	50	2	0	26	24	0
S1-173083613	India	2	36	2	1	17	19	0
S1-320611503	India	5	38	5	1	20	18	0
S1-587709992	India	3	48	2	0	22	26	0
S1-7462439	India	5	30	5	1	15	15	0
S1-636080482	India	2	15	2	1	7	8	0
S1-134972377	India	1	50	0	0	31	19	0
S1-387266035	India	0	50	0	1	38	12	1
S1-933547706	India	6	36	6	1	21	15	0
S1-30838188	India	3	11	3	1	5	6	0
S1-113032936	India	3	34	3	1	16	18	0
S1-837441046	India	2	41	2	1	19	22	0
S1-762790814	India	3	8	3	1	4	4	0
S1-7089836	India	5	29	5	1	14	15	0
S1-708449768	India	5	50	5	1	26	24	0
S1-696888190	India	3	21	3	1	10	11	0
S1-804324357	India	7	45	7	1	21	24	0
S1-953036	India	0	15	0	1	9	6	1
S1-887329909	India	0	50	0	1	25	25	1
S1-525363616	India	4	12	4	1	5	7	0
S1-514910938	India	4	27	4	1	13	14	0
S1-845755468	India	4	48	4	1	26	22	0
S1-594326171	India	5	50	3	0	36	14	0
S1-796753303	India	0	24	0	1	12	12	1
S1-52671860	India	5	11	5	1	3	8	0
S1-251824518	India	1	5	1	1	3	2	0
S1-567511165	India	0	13	0	1	5	8	1
S1-605386731	India	4	30	4	1	16	14	0
S1-30180104	India	2	42	1	0	21	21	0
S1-483242991	India	1	24	1	1	14	10	0
S1-952283912	India	6	34	6	1	15	19	0
S1-453242066	India	3	23	3	1	11	12	0
S1-793321529	India	6	11	6	1	5	6	0
S1-489089299	India	3	43	3	1	22	21	0
S1-773306225	India	5	46	5	1	22	24	0
S1-618854529	India	4	8	4	1	5	3	0
S1-44968662	India	3	9	3	1	5	4	0
S1-379943911	India	3	50	3	1	29	21	0
S1-439877814	India	4	49	4	1	20	29	0
S1-577577436	India	2	48	2	1	24	24	0
S1-829126346	India	5	49	4	0	23	26	0
S1-501959749	India	2	30	2	1	15	15	0
S1-817845384	India	1	41	1	1	18	23	0
S1-543304730	India	2	15	2	1	11	4	0
S1-742994630	India	3	29	3	1	16	13	0
S1-940316310	India	0	50	0	1	26	24	1
S1-29246929	India	4	44	3	0	22	22	0
S1-433923331	India	6	10	6	1	6	4	0
S1-200186333	India	3	10	3	1	6	4	0
S1-875213673	India	5	23	5	1	10	13	0
S1-136470799	India	5	34	5	1	18	16	0
S1-68199624	India	4	21	4	1	10	11	0
S1-768349711	India	4	31	3	0	14	17	0
S1-312080649	India	3	33	3	1	18	15	0
S1-411178975	India	3	18	3	1	12	6	0
S1-696047323	India	3	31	3	1	15	16	0
S1-755412127	India	2	49	2	1	24	25	0
S1-891062592	India	2	31	1	0	14	17	0
S1-256429922	India	3	46	3	1	24	22	0
S1-489111687	India	5	21	5	1	11	10	0
S1-639778795	India	5	31	5	1	15	16	0
S1-93186668	India	3	45	3	1	21	24	0
S1-76520441	India	1	46	1	1	24	22	0
S1-973584105	India	2	48	2	1	27	21	0
S1-976169925	India	7	33	7	1	16	17	0
S1-513778616	India	4	31	3	0	14	17	0
S1-669077340	India	5	28	4	0	15	13	0
S1-510253883	India	1	35	1	1	16	19	0
S1-527449258	India	2	49	2	1	26	23	0
S1-88768575	India	3	28	3	1	15	13	0
S1-220319551	India	4	50	4	1	34	16	0
S1-50128809	India	4	31	4	1	15	16	0
S1-655525725	India	5	49	2	0	26	23	0
S1-865740091	India	2	33	2	1	16	17	0
S1-531668366	India	7	45	6	0	21	24	0
S1-139843115	India	5	20	5	1	10	10	0
S1-576053207	India	3	28	3	1	17	11	0
S1-781727447	India	5	28	5	1	15	13	0
S1-922333642	India	5	44	5	1	24	20	0
S1-703329924	India	5	45	4	0	19	26	0
S1-353041578	India	6	50	3	0	26	24	0
S1-268051246	India	5	42	5	1	20	22	0
S1-103218778	India	3	46	3	1	22	24	0
S1-370969499	India	3	47	3	1	24	23	0
S1-923759713	India	6	50	6	1	33	17	0
S1-94064950	India	3	50	3	1	27	23	0
S1-558748087	India	1	36	0	0	19	17	0
S1-71722990	India	4	34	4	1	17	17	0
S1-819025766	India	3	20	3	1	8	12	0
S1-654675840	India	5	39	5	1	20	19	0
S1-570434640	India	4	41	3	0	20	21	0
S1-613859663	India	2	5	2	1	3	2	0
S1-155413101	India	4	37	4	1	17	20	0
S1-964766358	India	2	47	2	1	18	29	0
S1-793786593	India	1	50	1	1	34	16	0
S1-428721698	India	2	50	0	0	33	17	0
S1-176803253	India	5	17	5	1	3	14	0
S1-456662070	India	4	25	4	1	13	12	0
S1-755476888	India	0	26	0	1	15	11	1
S1-128558942	India	3	9	3	1	3	6	0
S1-816824223	India	4	19	4	1	10	9	0
S1-126610552	India	1	50	1	1	26	24	0
S1-894066279	India	3	48	3	1	23	25	0
S1-107525840	India	0	50	0	1	34	16	1
S1-159315672	India	3	47	3	1	23	24	0
S1-211698529	India	4	8	4	1	5	3	0
S1-998547281	India	3	29	3	1	14	15	0
S1-45592445	India	3	42	3	1	19	23	0
S1-927547576	India	2	25	2	1	13	12	0
S1-324524610	India	2	41	2	1	19	22	0
S1-255796227	India	0	24	0	1	9	15	1
S1-604799205	India	2	29	2	1	16	13	0
S1-37170967	India	3	32	3	1	15	17	0
S1-60166428	India	6	11	6	1	5	6	0
S1-196167357	India	8	10	8	1	5	5	0
S1-789597990	India	3	50	3	1	26	24	0
S1-84603960	India	5	49	4	0	24	25	0
S1-725696322	India	7	44	5	0	23	21	0
S1-926458764	India	5	23	5	1	11	12	0
S1-514098001	India	1	10	1	1	3	7	0
S1-686825445	India	4	30	4	1	14	16	0
S1-482820281	India	3	27	3	1	15	12	0
S1-909723445	India	2	50	2	1	32	18	0
S1-123280768	India	4	46	4	1	26	20	0
S1-955071456	India	3	27	3	1	13	14	0
S1-334207267	India	2	48	1	0	23	25	0
S1-964350335	India	3	50	2	0	24	26	0
S1-233896899	India	5	7	5	1	4	3	0
S1-268404179	India	4	42	4	1	20	22	0
S1-289010533	India	4	50	3	0	28	22	0
S1-909753760	India	2	50	2	1	28	22	0
S1-784526631	India	2	34	2	1	16	18	0
S1-715091213	India	2	7	2	1	4	3	0
S1-345979317	India	8	47	6	0	24	23	0
S1-102121668	India	5	46	1	0	21	25	0
S1-406323293	US	1	41	1	1	21	20	0
S1-639105276	US	3	34	3	1	20	14	0
S1-10384897	US	3	41	3	1	20	21	0
S1-50396817	US	0	26	0	1	14	12	1
S1-388403033	US	3	50	2	0	26	24	0
S1-885216590	US	4	27	4	1	13	14	0
S1-496892369	US	4	40	4	1	20	20	0
S1-601915790	US	6	27	6	1	14	13	0
S1-467262091	US	5	50	5	1	34	16	0
S1-174459491	US	3	16	3	1	8	8	0
S1-227648442	US	4	31	4	1	16	15	0
S1-480979660	US	5	44	5	1	22	22	0
S1-713788690	US	2	41	2	1	20	21	0
S1-237111153	US	4	22	4	1	12	10	0
S1-572946561	US	2	48	2	1	25	23	0
S1-733293133	US	2	29	2	1	15	14	0
S1-252259554	US	2	7	2	1	3	4	0
S1-863424728	US	4	40	4	1	23	17	0
S1-476329240	US	4	32	4	1	17	15	0
S1-494114357	US	1	47	1	1	26	21	0
S1-510366859	US	2	50	2	1	22	28	0
S1-857276707	US	4	22	4	1	12	10	0
S1-110682622	US	6	44	6	1	20	24	0
S1-207630184	US	3	44	3	1	19	25	0
S1-272338973	US	3	43	3	1	21	22	0
S1-318914785	US	5	36	5	1	16	20	0
S1-457329895	US	2	11	2	1	7	4	0
S1-572457751	US	4	45	4	1	22	23	0
S1-111043902	US	1	50	1	1	34	16	0
S1-406929221	US	6	32	6	1	13	19	0
S1-695230615	US	4	47	4	1	19	28	0
S1-805975740	US	2	47	2	1	23	24	0
S1-228737843	US	3	21	3	1	10	11	0
S1-173827996	US	5	11	5	1	8	3	0
S1-300497520	US	0	50	0	1	29	21	1
S1-451242491	US	3	50	3	1	30	20	0
S1-768412636	US	4	50	4	1	36	14	0
S1-504026922	US	2	44	2	1	22	22	0
S1-694060328	US	3	31	3	1	16	15	0
S1-565138838	US	2	40	2	1	20	20	0
S1-130063	US	4	27	4	1	12	15	0
S1-999363495	US	6	20	6	1	9	11	0
S1-274104641	US	4	46	4	1	21	25	0
S1-776781602	US	2	30	2	1	16	14	0
S1-39839373	US	5	50	5	1	26	24	0
S1-102143477	US	3	42	3	1	23	19	0
S1-467980948	US	6	43	6	1	23	20	0
S1-747311523	US	4	23	4	1	12	11	0
S1-734593656	US	5	42	5	1	22	20	0
S1-591435680	US	4	40	4	1	21	19	0
S1-772889768	US	5	20	5	1	10	10	0
S1-848622191	US	6	50	6	1	26	24	0
S1-854923307	US	1	14	1	1	7	7	0
S1-159301129	US	3	21	3	1	10	11	0
S1-224549754	US	1	23	1	1	14	9	0
S1-118809913	US	5	35	5	1	18	17	0
S1-353720519	US	2	29	2	1	13	16	0
S1-112366834	US	4	3	3	0	2	1	0
S1-423756155	US	1	45	1	1	22	23	0
S1-193916120	US	2	50	2	1	34	16	0
S1-53513898	US	5	39	5	1	20	19	0
S1-615966901	US	0	46	0	1	23	23	1
S1-874996411	US	4	22	4	1	11	11	0
S1-641231537	US	7	35	7	1	19	16	0
S1-182295333	US	3	15	3	1	7	8	0
S1-688394357	US	5	32	5	1	16	16	0
S1-628638906	US	4	50	4	1	30	20	0
S1-4517826	US	4	38	4	1	23	15	0
S1-406581896	US	3	14	3	1	7	7	0
S1-135035757	US	2	25	2	1	14	11	0
S1-850828995	US	3	41	3	1	20	21	0
S1-287372228	US	6	28	6	1	13	15	0
S1-126543140	US	3	49	3	1	26	23	0
S1-204845675	US	3	50	3	1	32	18	0
S1-372286419	US	1	44	1	1	23	21	0
S1-284257606	US	5	49	5	1	27	22	0
S1-322219903	US	5	22	5	1	10	12	0
S1-733949340	US	3	43	3	1	22	21	0
S1-520736073	US	3	50	3	1	33	17	0
S1-818308363	US	4	50	4	1	44	6	0
S1-97209227	US	5	48	5	1	22	26	0
S1-780016452	US	4	19	4	1	12	7	0
S1-568234760	US	4	42	4	1	21	21	0
S1-972691571	US	4	40	4	1	19	21	0
S1-719518745	US	5	26	5	1	14	12	0
S1-15973638	US	4	12	4	1	7	5	0
S1-100200020	US	5	41	5	1	20	21	0
S1-260011065	US	3	46	3	1	26	20	0
S1-840061958	US	6	37	6	1	18	19	0
S1-59755491	US	0	50	0	1	31	19	1
S1-778909606	US	3	47	3	1	26	21	0
S1-691298086	US	5	39	5	1	22	17	0
S1-453371534	US	6	25	6	1	12	13	0
S1-384317525	US	7	19	7	1	9	10	0
S1-72141218	US	5	36	5	1	18	18	0
S1-981587166	US	1	38	1	1	19	19	0
S1-571729466	US	3	45	3	1	22	23	0
S1-713791990	US	8	50	8	1	31	19	0
S1-811927966	US	4	50	4	1	29	21	0
S1-404791944	US	0	36	0	1	18	18	1
S1-215597482	US	0	28	0	1	12	16	1
S1-479872415	US	3	47	3	1	24	23	0
S1-391741749	US	2	45	2	1	22	23	0
S1-83969687	US	6	26	6	1	13	13	0
S1-374334959	US	2	37	2	1	17	20	0
S1-120446517	US	3	11	3	1	5	6	0
S1-851099624	US	3	20	3	1	12	8	0
S1-601582852	US	6	50	6	1	26	24	0
S1-468629935	US	4	20	4	1	10	10	0
S1-729850457	US	5	50	5	1	26	24	0
S1-723877467	US	4	8	4	1	5	3	0
S1-677530399	US	5	50	5	1	32	18	0
S1-522934599	US	3	40	3	1	20	20	0
S1-511767259	US	6	50	6	1	24	26	0
S1-675623206	US	4	47	4	1	25	22	0
S1-601487637	US	1	50	1	1	33	17	0
S1-355288574	US	5	50	4	0	30	20	0
S1-622255056	US	5	43	5	1	23	20	0
S1-100833821	US	0	50	0	1	38	12	1
S1-197099512	US	0	49	0	1	24	25	1
S1-230507911	US	1	33	1	1	17	16	0
S1-923111053	US	1	31	1	1	18	13	0
S1-931384379	US	5	36	5	1	18	18	0
S1-186390792	US	3	16	3	1	10	6	0
S1-597330514	US	3	28	3	1	13	15	0
S1-114504374	US	2	11	2	1	6	5	0
S1-452671991	US	2	50	2	1	31	19	0
S1-686150159	US	4	39	4	1	19	20	0
S1-908762675	US	5	40	5	1	19	21	0
S1-786762641	US	3	39	3	1	21	18	0
S1-936166732	US	2	50	2	1	30	20	0
S1-336773521	US	8	22	8	1	12	10	0
S1-379382063	US	7	42	7	1	19	23	0
S1-577725862	US	4	45	4	1	22	23	0
S1-885940695	US	6	50	6	1	30	20	0
S1-114102416	US	6	38	6	1	20	18	0
S1-316756013	US	8	22	8	1	10	12	0
S1-699103512	US	2	47	2	1	24	23	0
S1-797348701	US	2	28	2	1	14	14	0
S1-110983555	US	4	37	3	0	19	18	0
S1-434345265	US	4	47	4	1	24	23	0
S1-414831318	US	1	34	1	1	14	20	0
S1-27840246	US	3	23	3	1	12	11	0
S1-604824587	US	3	23	3	1	13	10	0
S1-967419677	US	1	45	1	1	25	20	0
S1-991127371	US	3	33	3	1	16	17	0
S1-423901184	US	7	42	7	1	21	21	0
S1-514776451	US	3	37	3	1	20	17	0
S1-471959210	US	2	19	2	1	9	10	0
S1-52407102	US	3	30	3	1	19	11	0
S1-755993794	US	6	42	6	1	21	21	0
S1-360199520	US	0	22	0	1	11	11	1
S1-539038544	US	0	26	0	1	14	12	1
S1-283908985	US	3	27	3	1	15	12	0
S1-8042775	US	2	18	2	1	10	8	0
S1-580834823	US	3	19	3	1	9	10	0
S1-842740601	US	3	32	3	1	15	17	0
S1-123043439	US	4	41	4	1	22	19	0
S1-62527957	US	4	44	4	1	25	19	0
S1-855458406	US	6	19	6	1	8	11	0
S1-407126489	US	4	45	4	1	20	25	0
S1-604087176	US	4	33	4	1	15	18	0
S1-339602237	US	2	20	2	1	11	9	0
S1-210247575	US	2	45	2	1	22	23	0
S1-594919864	US	3	47	3	1	23	24	0
S1-777092663	US	2	27	2	1	14	13	0
S1-359750568	US	1	40	1	1	22	18	0
S1-768095902	US	3	37	3	1	20	17	0
S1-269504399	US	2	37	2	1	19	18	0
S1-721153896	US	2	40	2	1	21	19	0
S1-478051664	US	3	32	3	1	15	17	0
S1-303915111	US	2	50	2	1	33	17	0
S1-41927539	US	3	26	3	1	13	13	0
S1-243323519	US	6	42	6	1	21	21	0
S1-418638931	US	3	22	3	1	12	10	0
S1-45547429	US	5	40	5	1	21	19	0
S1-970635904	US	1	45	1	1	21	24	0
S1-887847810	US	4	42	4	1	21	21	0
S1-997397702	US	5	50	5	1	29	21	0
S1-426894323	US	1	50	1	1	30	20	0
S1-905945701	US	4	11	4	1	6	5	0
S1-459400841	US	4	19	4	1	8	11	0
S1-680185896	US	5	47	5	1	26	21	0
S1-852211612	US	5	37	5	1	18	19	0
S1-183691811	US	2	50	2	1	32	18	0
S1-142058593	US	2	46	1	0	23	23	0
S1-803568627	US	4	41	4	1	23	18	0
S1-639937266	US	0	40	0	1	21	19	1
S1-629846701	US	4	49	4	1	23	26	0
S1-668612069	US	1	38	1	1	18	20	0
S1-953081601	US	5	31	5	1	14	17	0
S1-552663626	US	6	27	6	1	14	13	0
S1-746707374	US	1	21	1	1	12	9	0
S1-857884885	US	4	48	4	1	25	23	0
S1-644968949	US	2	16	2	1	6	10	0
S1-580506038	US	4	36	4	1	17	19	0
S1-7600831	US	3	19	3	1	9	10	0
S1-209620724	US	4	39	4	1	21	18	0
S1-145723189	US	2	31	2	1	17	14	0
S1-932975920	US	1	15	1	1	2	13	0
S1-470578711	US	5	37	5	1	19	18	0
S1-510942186	US	0	9	0	1	5	4	1
S1-708815705	US	2	50	2	1	25	25	0
S1-540155382	US	4	36	4	1	19	17	0
S1-271321842	US	0	48	0	1	24	24	1
S1-566293117	US	3	30	3	1	14	16	0
S1-630541859	US	4	22	4	1	15	7	0
S1-153000106	US	4	28	4	1	14	14	0
S1-359173946	US	2	49	2	1	25	24	0
S1-766151399	US	6	22	6	1	11	11	0
S1-3249239	US	2	47	2	1	24	23	0
S1-954838939	US	5	22	5	1	11	11	0
S1-388567184	US	3	46	3	1	23	23	0
S1-91273530	US	4	43	4	1	19	24	0
S1-745185579	US	3	19	3	1	13	6	0
S1-764181547	US	3	18	3	1	9	9	0
S1-5131178	US	5	50	5	1	27	23	0
S1-337555046	US	7	50	7	1	31	19	0
S1-285049685	US	4	40	4	1	20	20	0
S1-541912130	US	7	46	7	1	22	24	0
S1-708100707	US	4	9	4	1	5	4	0
S1-775716884	US	3	35	3	1	15	20	0
S1-280622216	US	5	47	5	1	22	25	0
S1-959186175	US	0	15	0	1	6	9	1
S1-925080541	US	5	42	5	1	23	19	0
S1-693490202	US	3	41	3	1	19	22	0
S1-53443944	US	7	50	6	0	25	25	0
S1-608825053	US	3	37	3	1	18	19	0
S1-919821190	US	1	24	1	1	11	13	0
S1-285594342	US	4	50	4	1	29	21	0
S1-848723427	US	4	17	4	1	6	11	0
S1-85674041	US	0	39	0	1	20	19	1
S1-958568202	US	3	10	3	1	4	6	0
S1-695445661	US	2	44	2	1	23	21	0
S1-456732664	US	3	49	3	1	25	24	0
S1-179574945	US	3	21	3	1	10	11	0
S1-747807877	US	3	50	3	1	45	5	0
S1-230420119	US	4	49	4	1	25	24	0
S1-554882920	US	2	44	2	1	22	22	0
S1-50896062	US	2	25	2	1	13	12	0
S1-837567913	US	6	37	6	1	22	15	0
S1-388190521	US	5	27	5	1	13	14	0
S1-680628675	US	6	35	6	1	19	16	0
S1-676660147	US	2	45	2	1	21	24	0
S1-494405180	US	4	46	4	1	25	21	0
S1-963775380	US	4	50	4	1	28	22	0
S1-246370238	US	4	19	4	1	10	9	0
S1-690098603	US	3	39	3	1	18	21	0
S1-157458849	US	0	28	0	1	15	13	1
S1-678640960	US	3	50	3	1	30	20	0
S1-631435084	US	5	50	5	1	28	22	0
S1-880808794	US	5	37	5	1	19	18	0
S1-948687117	US	4	16	4	1	9	7	0
S1-371195270	US	4	42	4	1	19	23	0
S1-817815524	US	2	43	2	1	21	22	0
S1-318529142	US	5	50	5	1	37	13	0
S1-394410110	US	7	36	7	1	20	16	0
S1-809190835	US	2	46	2	1	20	26	0
S1-675790157	US	4	50	4	1	27	23	0
S1-131998687	US	6	32	6	1	15	17	0
S1-360007726	US	3	50	3	1	29	21	0
S1-580040283	US	5	11	5	1	5	6	0
S1-508974143	US	3	50	3	1	33	17	0
S1-925478907	US	2	10	2	1	6	4	0
S1-683349501	US	4	30	4	1	18	12	0
S1-14173092	US	4	41	4	1	21	20	0
S1-138626800	US	1	43	1	1	21	22	0
S1-156094146	US	3	43	3	1	20	23	0
S1-202459222	US	4	41	4	1	21	20	0
S1-831323580	US	4	9	4	1	4	5	0
S1-70535279	US	5	50	5	1	29	21	0
S1-417090965	US	3	50	3	1	28	22	0
S1-407639893	US	2	44	2	1	22	22	0
S1-578206225	US	3	46	3	1	23	23	0
S1-257243699	US	4	7	4	1	3	4	0
S1-749725604	US	2	40	2	1	19	21	0
S1-3688812	US	5	34	5	1	17	17	0
S1-328468276	US	5	34	5	1	15	19	0
S1-363614685	US	1	46	1	1	22	24	0
S1-916778176	US	3	21	3	1	11	10	0
S1-652267835	US	6	28	5	0	14	14	0
S1-868994916	US	4	17	4	1	7	10	0
S1-551874168	US	2	36	2	1	17	19	0
S1-552862144	US	3	50	3	1	32	18	0
S1-864748996	US	4	37	4	1	18	19	0
S1-828551964	US	4	43	4	1	23	20	0
S1-320839156	US	3	44	3	1	23	21	0
S1-408265278	US	4	43	4	1	19	24	0
S1-133760531	US	6	22	6	1	10	12	0
S1-4447779	US	6	40	6	1	19	21	0
S1-316580379	US	3	19	3	1	10	9	0
S1-718066536	US	5	13	5	1	6	7	0
S1-411874052	US	2	13	2	1	7	6	0
S1-834206253	US	2	50	2	1	27	23	0
S1-557026996	US	7	36	6	0	19	17	0
S1-116667927	US	7	33	7	1	17	16	0
S1-539134741	US	1	48	1	1	24	24	0
S1-631541082	US	3	20	3	1	8	12	0
S1-108689060	US	4	35	4	1	16	19	0
S1-964964837	US	3	50	3	1	27	23	0
