s1_id	missed_id	country	s1_raw_name	missed_raw_name	s1_raw_address	missed_raw_address	name_token_sort_sim	cands_generated_count
S1-846288553	S3-608375370	India	Silver Classic Ventures Limited	সিলভার ক্লাসিক ভেঞ্চারস লিমিটেড	M/21, Rabindra Pally, Block C, Durgapur-I, Durgapur, Bardhaman, West Bengal	M/21, Rabindra Pally, Block C, Durgapur-i, Bardhaman, Durgapur, পশ্চিমবঙ্গ	9.677419354838712	50
S1-872490692	S3-2466900	India	Surya Estate Private Limited	સૂર્ય એસ્ટેટ પ્રાઇવેટ લિમિટેડ	Bank Of Baroda Street, Talab Road, Vyara, Surat, Gujarat	Bank Of Baroda Street, Vyara, ગુજરાત	10.526315789473683	47
S1-397244502	S2-752032264	India	Om Products Pvt Ltd	ഓം പ്രൊഡക്ട്സ് പ്രൈവറ്റ് ലിമിറ്റഡ്	Infopark, Nri - Tbi Center Thapasya Building, Infopark, Kakkanad, Kochi, Ernakulam, Kerala	INFOPARK, COCHIN, ERNAKULAM, Kerala	11.32075471698113	30
S1-461787088	S2-209661326	India	Star Global Private Limited	स्टार ग्लोबल प्राइवेट लिमिटेड	B308 Manglam Niket, Shastripuram, Agra, Uttar Pradesh	B310 MANGLAM NIKET, SHASTRIPURAM, AGRA, Uttar Pradesh	10.71428571428571	44
S1-794237790	S3-297972667	India	Aditya Consulting LLP	Avizeta	Shreeji Tower, Near Murli Textile Tower Pur Road, Bhilwara, Rajasthan	Shreeji Tower, Bhilwara, Near Murli Textile Tower Pur Road, RJ	28.57142857142857	36
S1-794237790	S2-410103751	India	Aditya Consulting LLP	आदित्य कंसल्टिंग एलएलपी	Shreeji Tower, Near Murli Textile Tower Pur Road, Bhilwara, Rajasthan	SHREEJI TOWER, NEAR MURLI TEXTILE TOWER PUR ROAD, INDIRA MARKET, Rajasthan	9.090909090909093	36
S1-996631687	S3-870945428	India	Jai Agro	जय एग्रो	Maharashtra, Mumbai, Shop No 204 2Nd Floor, Mumbai, 78 Business Park Premises Bmc Market Building, Station Road Bhandup West	No 204 2Nd Floor, 78 Business Park Premises Bmc Market Building, Station Road Bhandup West, Mumbai, MH	12.5	50
S1-996631687	S3-437281640	India	Jai Agro	जय एग्रो	Maharashtra, Mumbai, Shop No 204 2Nd Floor, Mumbai, 78 Business Park Premises Bmc Market Building, Station Road Bhandup West	Shop No 204 2Nd Floor, 78 Business Park Premises Bmc Market Building, Station Road Bhandup West, Mumbai, MH	12.5	50
S1-996631687	S3-885527791	India	Jai Agro	जय एग्रो	Maharashtra, Mumbai, Shop No 204 2Nd Floor, Mumbai, 78 Business Park Premises Bmc Market Building, Station Road Bhandup West	H.no 204 2Nd Floor, 78 Business Park Premises Bmc Market Building, Station Road Bhandup West, Mumbai, MH	12.5	50
S1-722214148	S3-230738506	India	Maa Trading Private Limited	मां ट्रेडिंग प्राइवेट लिमिटेड	Ft.24, Flr-1, Plot 21 B, Patel Mansion, Annasaheb, Mumbai, Maharashtra	Ft.#24, Flr-1, Plot 21 B, Patel Mansion, Annasaheb, Mumbai, MH	10.71428571428571	50
S1-894398468	S2-587537869	India	Global Creative International Pvt Ltd	ഗ്ലോബൽ ക്രിയേറ്റീവ് ഇന്റർനാഷണൽ പ്രൈവറ്റ് ലിമിറ്റഡ്	4/461, Ernakulam, Kerala, Ernakulam, 2Nd Floor, Suite 1795, Valamkottil Towers, Judgemukku, Kakkanad	PLOT 719 4/461, KAKKANAD, Kerala	9.195402298850574	50
S1-28372580	S2-666912858	India	White Exports Private Limited	व्हाइट एक्सपोर्ट्स प्राइवेट लिमिटेड	H.No-148, Saket Nagar Colony, Varanasi, Uttar Pradesh	H.NO-148, VARANASI, उत्तर प्रदेश	9.375	50
S1-28372580	S3-671028499	India	White Exports Private Limited	व्हाइट एक्सपोर्ट्स प्राइवेट लिमिटेड	H.No-148, Saket Nagar Colony, Varanasi, Uttar Pradesh	H.no-148, Saket Nagar Colony, Varanasi, UP	9.375	50
S1-587709992	S3-526251906	India	Classic Tech Private Limited	क्लासिक टेक प्राइवेट लिमिटेड	171-B, Goyal Avenue, Nipaniya, Dewas, Madhya Pradesh	Dewas, 171-B, MP, Dewas	10.71428571428571	48
S1-134972377	S3-371516220	India	Gujarat Urban Ventures Limited	Onyxbrix	2-48/5/6, 8Th Floor, Vaishnavi Cynosure, Gachibowli Rd, Opp Rttc, Telecom Nagar Extension, Seri Lingampally, K.V.Rangareddy, Telangana	2-48/5/6, 8Th Floor, Vaishnavi Cynosure, Gachibowli Rd, Opp Rttc, Telecom Nagar Extension, Seri Lingampally, K.V.Rangareddy, Telangana	10.526315789473683	50
S1-594326171	S3-511552500	India	Laxmi East Products Private Limited	ಲಕ್ಷ್ಮಿ ಈಸ್ಟ್ ಪ್ರೊಡಕ್ಟ್ಸ್ ಪ್ರೈವೇಟ್ ಲಿಮಿಟೆಡ್	No 311 Balaji Sernity Apt, Andapura Village, Bangalore South, Bangalore, Karnataka	No 311 Balaji Sernity Apt, Bangalore South, Bangalore, KA	10.256410256410254	50
S1-594326171	S3-77695053	India	Laxmi East Products Private Limited	ಲಕ್ಷ್ಮಿ ಈಸ್ಟ್ ಪ್ರೊಡಕ್ಟ್ಸ್ ಪ್ರೈವೇಟ್ ಲಿಮಿಟೆಡ್	No 311 Balaji Sernity Apt, Andapura Village, Bangalore South, Bangalore, Karnataka	Door No 311 Balaji Sernity Apt, Bangalore South, Bangalore, KA	10.256410256410254	50
S1-30180104	S2-479023055	India	Southern Systems Private Limited	சதர்ன் சிஸ்டம்ஸ் பிரைவேட் லிமிடெட்	17C, Holy Family Church Street Melaramanputhoor, Kottar P.O, Nagercoil, Kanyakumari, Tamil Nadu	17C, KANYAKUMARI, NAGERCOIL, Tamil Nadu	9.090909090909093	42
S1-829126346	S2-252791778	India	Gujarat Properties Limited	गुजरात प्रॉपर्टीज लिमिटेड	B-21, Greater Kailash Enclave--Ii, New Delhi, Delhi	NEW DELHI, B-21, SOUTH EAST, Delhi	7.843137254901967	49
S1-29246929	S2-260440562	India	Vijay Healthcare Private Limited	বিজয় হেলথকেয়ার প্রাইভেট লিমিটেড	37A Bentick Street 2Nd Floor, Room No 202, Kolkata, Howrah, West Bengal	37 BENTICK STREET 2ND FLOOR, KOLKATA, পশ্চিমবঙ্গ	9.230769230769232	44
S1-768349711	S3-437564540	India	Sansun Ventures Private Limited	Veokor | www.veokor.com	1517, Hemkunt Chambers 89, Nehru Place, New Delhi, South Delhi, Delhi	1517, New Delhi, Delhi, DL	18.518518518518523	31
S1-891062592	S3-700188970	India	Kyra Traders Private Limited	Smt Belobrix	No. A/4, First Floor, 32Nd Cross, 3Rd Main Road, Bangalore South, Bangalore, Karnataka	No. A/4, Bangalore, KA	19.999999999999996	31
S1-513778616	S2-353533546	India	My Builders Private Limited	माय बिल्डर्स प्राइवेट लिमिटेड	Sh 7, Ekta Chs Ltd, Kapaswadi, Juhu Versova Link Road, Juhu, D N Nagar, Andheri West, Mumbai, Mumbai City, Maharashtra	SH 7, MUMBAI, MUMBAI CITY, Maharashtra	10.71428571428571	31
S1-669077340	S3-3004752	India	Au Brothers Limited	Aubr0thers.Com	Sidhiya Ghat Godam Road Sidhiya Ghat, Bodh Gaya, Gaya, Bihar	Sidhiya Ghat Godam Road Sidhiya Ghat, Gaya, बिहार, Bodh Gaya	54.54545454545454	28
S1-655525725	S3-3660972	India	Ram Software Private Limited	રામ સોફ્ટવેર પ્રાઇવેટ લિમિટેડ	Surat, Gujarat, Surat, Plot 74, Flat C 504, 5Th Floor Opp Jamnagar Bus Stand, Ghod Dhod Road	Plot 074, Surat, GJ	10.526315789473683	49
S1-655525725	S3-794755658	India	Ram Software Private Limited	રામ સોફ્ટવેર પ્રાઇવેટ લિમિટેડ	Surat, Gujarat, Surat, Plot 74, Flat C 504, 5Th Floor Opp Jamnagar Bus Stand, Ghod Dhod Road	Plot 074, Surat, ગુજરાત	10.526315789473683	49
S1-655525725	S3-866709465	India	Ram Software Private Limited	રામ સોફ્ટવેર પ્રાઇવેટ લિમિટેડ	Surat, Gujarat, Surat, Plot 74, Flat C 504, 5Th Floor Opp Jamnagar Bus Stand, Ghod Dhod Road	Plot 074, Surat, ગુજરાત	10.526315789473683	49
S1-531668366	S2-586418744	India	Fortune Healthcare Private Limited	फॉर्च्यून हेल्थकेयर प्राइवेट लिमिटेड	7/21, Gali No. 7, Anand Parbat, New Delhi, Central Delhi, Delhi	007/21, GALI NO. 7, ANAND PARBAT, NEW DELHI, CENTRAL DELHI, दिल्ली	8.571428571428575	45
S1-703329924	S2-123514779	India	Bharat Energy Private Limited	ભારત એનર્જી પ્રાઇવેટ લિમિટેડ	144 - Gidc Industrial Estate, Bharuch, Gujarat	A-144 - GIDC INDUSTRIAL ESTATE, BHARUCH, Gujarat	10.526315789473683	45
S1-353041578	S3-257581627	India	Shiva Infrastructure Private Limited	शिवा इंफ्रास्ट्रक्चर प्राइवेट लिमिटेड	Unit No 1117, 11Th Floor, Block B Vatika Towers, Sec- 54, Golf Course Road, Gurgaon, Haryana	Gurgaon, Block D-88- Uint No 1117, 11Th Floor, Block B Vatika Towers, Sec- 54, Golf Course Road, HR, Sikanderpur	8.21917808219178	50
S1-353041578	S3-340359636	India	Shiva Infrastructure Private Limited	Onyxtavo	Unit No 1117, 11Th Floor, Block B Vatika Towers, Sec- 54, Golf Course Road, Gurgaon, Haryana	Gurgaon, Haryana, Unit No 1117, 11Th Floor, Block B Vatika Towers, Sec- 54, Golf Course Road, Gurgaon	18.181818181818176	50
S1-353041578	S2-878100290	India	Shiva Infrastructure Private Limited	शिवा इंफ्रास्ट्रक्चर प्राइवेट लिमिटेड	Unit No 1117, 11Th Floor, Block B Vatika Towers, Sec- 54, Golf Course Road, Gurgaon, Haryana	ROHTAK, Haryana, UNIT NO 11-17, GURGAON	8.21917808219178	50
S1-558748087	S3-258633031	India	Smart Technology Pvt Ltd	स्मार्ट टेक्नोलॉजी प्रा. लि.	Pune, S.No 569/1 3B, Sneh Ngr Sog Society, Maharashtra, Pune City, Flat No. 3	003, Pune City, Pune, MH	11.538461538461542	36
S1-570434640	S3-461011519	India	Apex Royal Consulting Private Limited	ಅಪೆಕ್ಸ್ ರಾಯಲ್ ಕನ್ಸಲ್ಟಿಂಗ್ ಪ್ರೈವೇಟ್ ಲಿಮಿಟೆಡ್	863 (Old No 16), Ttr Nilaya, 2Nd Floor, Vidyanagar Bagalgunte Nagasandra Post, Bangalore, Karnataka	No 863 (Old No 16), Bengaluru, KA	9.999999999999998	41
S1-428721698	S3-96501040	India	Dynamic Best Business Private Limited	டைனமிக் பெஸ்ட் பிசினஸ் பிரைவேட் லிமிடெட்	462/1 Narasimman Chetti Road Shivapet, Salem, Tamil Nadu	Salem, TN, C-462/1 Narasimman Chetti Road Shivapet	10.389610389610393	50
S1-428721698	S3-72644901	India	Dynamic Best Business Private Limited	டைனமிக் பெஸ்ட் பிசினஸ் பிரைவேட் லிமிடெட்	462/1 Narasimman Chetti Road Shivapet, Salem, Tamil Nadu	#C-462/1 Narasimman Chetti Road Shivapet, Salem, TN	10.389610389610393	50
S1-84603960	S2-32324129	India	City Exports	സിറ്റി എക്സ്പോർട്സ്	Ellickaparambil Estate, 15/398 Mamala P O, Thiruvankulam, Ernakulam, Kerala	ELLICKAPARAMBIL ESTATE, ERNAKULAM, Kerala	6.451612903225811	49
S1-725696322	S3-621230073	India	Golden Developers Private Limited	கோல்டன் டெவலப்பர்ஸ் பிரைவேட் லிமிடெட்	165, Lakeview Road, Westmambalam, Madras-33., Mambalam, Madras-33., Chennai, Tamil Nadu	தமிழ்நாடு, No D/149 165, Lakeview Road, Westmambalam, Madras-33., Mambalam, Madras-33., Chennai	8.571428571428575	44
S1-725696322	S3-151443972	India	Golden Developers Private Limited	கோல்டன் டெவலப்பர்ஸ் பிரைவேட் லிமிடெட்	165, Lakeview Road, Westmambalam, Madras-33., Mambalam, Madras-33., Chennai, Tamil Nadu	H.no D/149 165, Chennai, Madras-33., TN	8.571428571428575	44
S1-334207267	S3-175222001	India	Real Exports Private Limited	रियल एक्सपोर्ट्स प्राइवेट लिमिटेड	B 401 Ganraj Residency, Road No 13 Tingre Nagar, Pune City, Pune, Maharashtra	B 401 Ganraj Residency, Pune Region, Pune, महाराष्ट्र	9.836065573770492	48
S1-964350335	S3-872612578	India	South Agro Private Limited	साउथ एग्रो प्राइवेट लिमिटेड	New Delhi, F-81 Ground Floor First Side West Patel Nagar, New Delhi, Delhi	F-81 Ground Floor First Side West Patel Nagar, New Delhi, DL	11.32075471698113	50
S1-289010533	S2-962941374	India	Global Ventures Private Limited	ग्लोबल वेंचर्स प्राइवेट लिमिटेड	Cabin No. 5, Uttar Pradesh, First Floor H-64, Sector-63, Gautam Budh Nagar, Gautam Buddha Nagar, Noida	NOIDA, Uttar Pradesh, GAUTAM BUDDHA NAGAR, CBBIN NO. 5	9.677419354838712	50
S1-345979317	S3-217669293	India	Shiv Shyam Industries Private Limited	Pyraumbra	Block 2, Flat 4C, Silver Spring 5 Jbs Halden Avenue, Kolkata, Howrah, West Bengal	Block 3, Howrah, Kolkata, WB	17.391304347826086	47
S1-345979317	S3-528910847	India	Shiv Shyam Industries Private Limited	শিব শ্যাম Industries প্রাইভেট লিমিটেড	Block 2, Flat 4C, Silver Spring 5 Jbs Halden Avenue, Kolkata, Howrah, West Bengal	Block 3, Howrah, Kolkata, WB	37.83783783783784	47
S1-102121668	S3-607061726	India	Eastern Systems	ইস্টার্ন সিস্টেমস	6, Waterloo Street 5Th Floor, Room No-508, Kolkata, Kolkata, Howrah, West Bengal	6, Howrah, WB	6.25	46
S1-102121668	S2-990806362	India	Eastern Systems	ইস্টার্ন সিস্টেমস	6, Waterloo Street 5Th Floor, Room No-508, Kolkata, Kolkata, Howrah, West Bengal	6, KOLKATA, HOWRAH, West Bengal	6.25	46
S1-102121668	S3-67884505	India	Eastern Systems	ইস্টার্ন সিস্টেমস	6, Waterloo Street 5Th Floor, Room No-508, Kolkata, Kolkata, Howrah, West Bengal	6, Howrah, WB	6.25	46
S1-102121668	S3-84070649	India	Eastern Systems	ইস্টার্ন সিস্টেমস	6, Waterloo Street 5Th Floor, Room No-508, Kolkata, Kolkata, Howrah, West Bengal	6, Howrah, WB	6.25	46
S1-388403033	S3-16965331	US	Holt Royal Saul	holtroyalsaul.com	1420 40th St NE, Cedar Rapids, IA	Iowa, Cedar Rapids, 142 40th St Northeast	62.5	50
S1-112366834	S2-626702247	US	Gupton & Canino	Fluxdeltalum	16044 Frances Avenue, Caroline County, VA	FRANCES AVENUE, MILFORD, VA	14.814814814814813	3
S1-355288574	S3-864234220	US	Urgent Care All Health Inc	urgentcareall.com	TX, 2918 Wimberly Knoll Lane, Richmond	291 Wimberly Knoll Ln, Riichmond, Texas	27.906976744186053	50
S1-110983555	S2-995757516	US	Sequoia Software LLC	Koraria	13024 Kornegy Drive, NC, Charlotte	13024 KORNEGY DRIVE, CHARLOTTE, NC	22.22222222222222	37
S1-142058593	S3-522717888	US	Rocky Excavation LLC	R0cky LLC Center	7007 Hampton Street, Unit #513, Tigard, OR	7007 Hampton St, Unit #513, Portland, Oregon	55.55555555555556	46
S1-53443944	S3-772895827	US	Elite Learning Union LLC	uelearning.com	512 Saber Drive, Chesapeake City, VA	512 Saber Drive, Virginia, <NULL>, Chesapeake City	47.36842105263158	50
S1-652267835	S3-860056946	US	Khan York	khanyork.com	1226 Mt Pleasant Road, Swansboro, NC	Swansboro, 1226 Mt Pleasant Road, North Carolina	57.14285714285714	28
S1-557026996	S3-487073788	US	Tomi Garcia, DDS	Gtdds.Com	239 Falcon Drive, Sauk Village, IL	239 Falcon Dr, Chicago Heights, Illinois	24.0	36
